,cb_id,cb_name,transaction_type,close,change,open,max,min,no_of_transactions,unit,trading_value,avg_price,next_ref_price,next_max_limit,next_min_limit,datetime,symbol,stock_price
0,26107,華航七,等價,110.0,10.0,110.0,110.0,110.0,160,982,108020000,110.0,110.0,121.0,99.0,2021-04-28,2610.0,22.2
1,26107,華航七,等價,117.0,7.0,121.0,121.0,116.0,3330,15258,1816101300,119.02,117.0,128.7,105.3,2021-04-29,2610.0,21.2
2,26107,華航七,等價,115.0,-2.0,116.0,117.0,114.5,556,3508,405776500,115.62,115.0,126.5,103.5,2021-05-03,2610.0,19.9
3,26107,華航七,等價,111.3,-3.7,116.0,117.2,110.0,540,2924,333629400,114.1,111.3,122.4,100.2,2021-05-04,2610.0,18.0
4,26107,華航七,等價,113.0,1.7,112.0,113.6,109.2,392,1511,169270800,112.02,113.0,124.3,101.7,2021-05-05,2610.0,18.45
5,26107,華航七,等價,115.0,2.0,114.5,116.5,114.2,1375,15061,1732074700,114.97,115.0,126.5,103.5,2021-05-06,2610.0,18.25
6,26107,華航七,等價,114.35,-0.65,114.4,114.8,112.2,402,2580,293827850,113.9,114.35,125.75,102.95,2021-05-07,2610.0,17.25
7,26107,華航七,等價,114.05,-0.3,113.5,114.4,113.2,262,1610,183132100,113.8,114.05,125.45,102.65,2021-05-10,2610.0,17.8
8,26107,華航七,等價,112.0,-2.05,113.0,113.9,112.0,267,1614,181819400,112.68,112.0,123.2,100.8,2021-05-11,2610.0,16.4
9,26107,華航七,等價,108.0,-4.0,111.5,111.5,107.0,268,2344,255782200,109.0,108.0,118.8,97.2,2021-05-12,2610.0,14.8
10,26107,華航七,等價,108.0,0.0,107.5,108.0,106.0,209,1427,153343400,107.46,108.0,118.8,97.2,2021-05-13,2610.0,15.3
11,26107,華航七,等價,107.0,-1.0,108.0,109.0,106.85,85,690,74562550,108.06,107.0,117.7,96.3,2021-05-14,2610.0,15.1
12,26107,華航七,等價,105.0,-2.0,106.0,107.5,105.0,260,1149,122168550,106.32,105.0,115.5,94.5,2021-05-17,2610.0,13.7
13,26107,華航七,等價,108.5,3.5,107.0,108.5,106.9,122,665,71600500,107.8,108.5,119.35,97.65,2021-05-18,2610.0,15.05
14,26107,華航七,等價,109.0,0.5,108.5,109.0,107.85,75,416,45121650,108.46,109.0,119.9,98.1,2021-05-19,2610.0,15.85
15,26107,華航七,等價,108.1,-0.9,108.5,108.8,108.0,36,105,11378750,108.36,108.1,118.9,97.3,2021-05-20,2610.0,15.1
16,26107,華航七,等價,108.1,0.0,108.0,108.85,108.0,108,161,17425900,108.23,108.1,118.9,97.3,2021-05-21,2610.0,15.4
17,26107,華航七,等價,108.3,0.2,108.0,108.75,108.0,107,344,37278000,108.36,108.3,119.1,97.5,2021-05-24,2610.0,15.35
18,26107,華航七,等價,108.7,0.4,108.3,109.0,108.2,97,249,27024050,108.53,108.7,119.55,97.85,2021-05-25,2610.0,15.35
19,26107,華航七,等價,109.5,0.8,108.7,109.8,108.6,49,234,25501150,108.97,109.5,120.45,98.55,2021-05-26,2610.0,15.6
20,26107,華航七,等價,115.45,5.95,109.5,115.45,109.5,226,1015,115323750,113.61,115.45,115.46,115.44,2021-05-27,2610.0,17.15
21,26107,華航七,等價,115.7,0.25,116.0,116.5,115.05,208,999,115787400,115.91,115.7,115.71,115.69,2021-05-28,2610.0,18.1
22,26107,華航七,等價,114.7,-1.0,115.8,115.8,114.55,69,328,37740150,115.06,114.7,126.15,103.25,2021-05-31,2610.0,17.55
23,26107,華航七,等價,115.9,1.2,114.7,116.25,114.3,126,661,76224900,115.31,115.9,127.45,104.35,2021-06-01,2610.0,18.8
24,26107,華航七,等價,117.95,2.05,116.3,118.5,116.3,235,1222,143712400,117.6,117.95,129.7,106.2,2021-06-02,2610.0,18.65
25,26107,華航七,等價,128.0,10.05,119.0,128.95,119.0,365,1912,238036350,124.49,128.0,140.8,115.2,2021-06-03,2610.0,20.5
26,26107,華航七,等價,124.0,-4.0,127.5,132.0,122.5,499,2292,291898850,127.35,124.0,136.4,111.6,2021-06-04,2610.0,20.5
27,26107,華航七,等價,121.0,-3.0,125.0,125.0,119.3,279,1337,162646750,121.65,121.0,133.1,108.9,2021-06-07,2610.0,18.85
28,26107,華航七,等價,123.0,2.0,121.2,124.0,121.2,114,549,67534100,123.01,123.0,135.3,110.7,2021-06-08,2610.0,19.65
29,26107,華航七,等價,120.0,-3.0,123.0,123.0,119.6,125,423,51041250,120.66,120.0,132.0,108.0,2021-06-09,2610.0,18.8
30,26107,華航七,等價,120.0,0.0,120.2,120.2,119.0,91,330,39492700,119.67,120.0,132.0,108.0,2021-06-10,2610.0,18.85
31,26107,華航七,等價,120.85,0.85,120.0,121.8,120.0,41,177,21417600,121.0,120.85,132.9,108.8,2021-06-11,2610.0,18.6
32,26107,華航七,等價,120.9,0.05,120.85,122.0,120.85,28,143,17388400,121.59,120.9,132.95,108.85,2021-06-15,2610.0,18.75
33,26107,華航七,等價,121.3,0.4,120.9,123.2,120.9,65,239,29285600,122.53,121.3,133.4,109.2,2021-06-16,2610.0,18.7
34,26107,華航七,等價,122.0,0.7,121.3,122.0,121.2,55,198,24084450,121.63,122.0,134.2,109.8,2021-06-17,2610.0,19.15
35,26107,華航七,等價,122.5,0.5,123.0,124.0,122.45,68,264,32490800,123.07,122.5,134.75,110.25,2021-06-18,2610.0,19.35
36,26107,華航七,等價,126.0,3.5,123.0,126.0,123.0,207,866,108213850,124.99,126.0,138.6,113.4,2021-06-21,2610.0,21.15
37,26107,華航七,等價,124.8,-1.2,127.0,129.0,124.7,193,818,104099500,127.26,124.8,137.25,112.35,2021-06-22,2610.0,19.9
38,26107,華航七,等價,124.0,-0.8,124.6,125.3,122.4,77,304,37670450,123.91,124.0,136.4,111.6,2021-06-23,2610.0,19.5
39,26107,華航七,等價,125.5,1.5,124.0,126.5,122.6,34,217,27061000,124.7,125.5,138.05,112.95,2021-06-24,2610.0,19.75
40,26107,華航七,等價,125.9,0.4,125.0,126.0,124.6,36,226,28346000,125.42,125.9,138.45,113.35,2021-06-25,2610.0,20.05
41,26107,華航七,等價,125.2,-0.7,125.0,125.5,124.55,36,267,33366200,124.96,125.2,137.7,112.7,2021-06-28,2610.0,19.5
42,26107,華航七,等價,123.2,-2.0,125.2,125.2,123.0,59,343,42608500,124.22,123.2,135.5,110.9,2021-06-29,2610.0,19.0
43,26107,華航七,等價,123.5,0.3,123.2,124.5,122.0,51,324,39895100,123.13,123.5,135.85,111.15,2021-06-30,2610.0,19.05
44,26107,華航七,等價,124.0,0.5,123.6,126.0,123.5,40,324,40331950,124.48,124.0,136.4,111.6,2021-07-01,2610.0,19.15
45,26107,華航七,等價,123.1,-0.9,124.0,124.1,123.0,20,205,25418700,123.99,123.1,135.4,110.8,2021-07-02,2610.0,19.0
46,26107,華航七,等價,124.0,0.9,123.5,124.0,123.0,30,351,43333950,123.45,124.0,136.4,111.6,2021-07-05,2610.0,19.2
47,26107,華航七,等價,124.0,0.0,124.0,125.0,123.75,19,55,6836500,124.3,124.0,136.4,111.6,2021-07-06,2610.0,19.3
48,26107,華航七,等價,124.0,0.0,125.0,126.0,124.0,57,252,31436300,124.74,124.0,136.4,111.6,2021-07-07,2610.0,19.1
49,26107,華航七,等價,124.0,0.0,122.7,125.0,122.7,18,181,22409000,123.8,124.0,136.4,111.6,2021-07-08,2610.0,19.15
50,26107,華航七,等價,123.0,-1.0,123.5,123.9,122.8,28,146,17981150,123.15,123.0,135.3,110.7,2021-07-09,2610.0,18.8
51,26107,華航七,等價,122.5,-0.5,123.3,123.3,122.0,46,353,43188850,122.34,122.5,134.75,110.25,2021-07-12,2610.0,18.6
52,26107,華航七,等價,119.2,-3.3,123.0,123.0,118.6,99,478,57316650,119.9,119.2,131.1,107.3,2021-07-13,2610.0,17.8
53,26107,華航七,等價,119.0,-0.2,119.5,119.5,117.5,62,299,35395050,118.37,119.0,130.9,107.1,2021-07-14,2610.0,17.55
54,26107,華航七,等價,121.5,2.5,119.85,121.9,119.85,43,196,23699700,120.91,121.5,133.65,109.35,2021-07-15,2610.0,18.6
55,26107,華航七,等價,119.0,-2.5,120.0,120.0,118.5,50,221,26282150,118.92,119.0,130.9,107.1,2021-07-16,2610.0,18.2
56,26107,華航七,等價,119.0,0.0,119.0,119.0,118.9,30,91,10828000,118.98,119.0,130.9,107.1,2021-07-19,2610.0,18.2
57,26107,華航七,等價,118.5,-0.5,117.9,118.9,117.7,18,57,6739200,118.23,118.5,130.35,106.65,2021-07-20,2610.0,17.75
58,26107,華航七,等價,116.1,-2.4,118.5,118.5,115.5,83,387,44999750,116.27,116.1,127.7,104.5,2021-07-21,2610.0,17.15
59,26107,華航七,等價,116.0,-0.1,116.1,116.5,115.8,25,152,17641500,116.06,116.0,127.6,104.4,2021-07-22,2610.0,17.2
60,26107,華航七,等價,117.4,1.4,116.0,117.5,116.0,47,204,23777500,116.55,117.4,129.1,105.7,2021-07-23,2610.0,17.95
61,26107,華航七,等價,117.35,-0.05,117.5,117.5,116.8,19,76,8916300,117.31,117.35,129.05,105.65,2021-07-26,2610.0,17.65
62,26107,華航七,等價,117.45,0.1,117.35,118.6,116.7,51,277,32677250,117.96,117.45,129.15,105.75,2021-07-27,2610.0,17.7
63,26107,華航七,等價,116.0,-1.45,117.45,117.45,115.0,25,73,8485400,116.23,116.0,127.6,104.4,2021-07-28,2610.0,17.45
64,26107,華航七,等價,117.1,1.1,116.5,117.1,116.1,36,137,15960450,116.49,117.1,128.8,105.4,2021-07-29,2610.0,17.8
65,26107,華航七,等價,116.0,-1.1,117.1,118.0,116.0,29,128,14921300,116.57,116.0,127.6,104.4,2021-07-30,2610.0,17.25
66,26107,華航七,等價,116.0,0.0,116.0,116.0,115.7,11,73,8467400,115.99,116.0,127.6,104.4,2021-08-02,2610.0,17.4
67,26107,華航七,等價,116.0,0.0,116.0,116.0,115.0,23,120,13864900,115.54,116.0,127.6,104.4,2021-08-03,2610.0,17.15
68,26107,華航七,等價,115.0,-1.0,116.0,116.0,115.0,19,75,8634100,115.12,115.0,126.5,103.5,2021-08-04,2610.0,17.15
69,26107,華航七,等價,115.5,0.5,115.0,116.0,114.95,12,44,5074350,115.32,115.5,127.05,103.95,2021-08-05,2610.0,17.1
70,26107,華航七,等價,115.5,0.0,115.5,115.95,115.2,42,280,32348050,115.52,115.5,127.05,103.95,2021-08-06,2610.0,17.1
71,26107,華航七,等價,119.05,3.55,117.95,119.5,117.7,123,454,53904200,118.73,119.05,130.95,107.15,2021-08-09,2610.0,18.8
72,26107,華航七,等價,115.65,-3.4,118.0,118.0,115.0,91,397,46137500,116.21,115.65,127.2,104.1,2021-08-10,2610.0,17.8
73,26107,華航七,等價,115.0,-0.65,115.65,116.0,114.5,49,210,24217000,115.31,115.0,126.5,103.5,2021-08-11,2610.0,17.45
74,26107,華航七,等價,117.3,2.3,115.1,117.3,115.1,6,32,3687400,115.23,117.3,129.0,105.6,2021-08-12,2610.0,17.55
75,26107,華航七,等價,114.5,-2.8,117.25,117.25,114.5,44,174,20113850,115.59,114.5,125.95,103.05,2021-08-13,2610.0,17.45
76,26107,華航七,等價,113.45,-1.05,114.5,114.5,113.3,34,156,17751800,113.79,113.45,124.75,102.15,2021-08-16,2610.0,17.1
77,26107,華航七,等價,113.0,-0.45,113.3,113.3,113.0,18,83,9394700,113.18,113.0,124.3,101.7,2021-08-17,2610.0,17.0
78,26107,華航七,等價,113.0,0.0,113.5,113.5,111.0,18,100,11239500,112.39,113.0,124.3,101.7,2021-08-18,2610.0,17.0
79,26107,華航七,等價,112.5,-0.5,113.0,113.0,112.5,6,13,1463400,112.56,112.5,123.75,101.25,2021-08-19,2610.0,16.7
80,26107,華航七,等價,112.5,0.0,111.2,112.5,111.2,6,19,2132900,112.25,112.5,123.75,101.25,2021-08-20,2610.0,16.55
81,26107,華航七,等價,114.6,2.1,113.0,115.0,113.0,15,109,12466300,114.36,114.6,126.05,103.15,2021-08-23,2610.0,17.3
82,26107,華航七,等價,114.95,0.35,114.95,114.95,114.95,1,2,229900,114.95,114.95,126.4,103.5,2021-08-24,2610.0,17.0
83,26107,華航七,等價,114.5,-0.45,114.5,114.5,114.4,18,102,11678000,114.49,114.5,125.95,103.05,2021-08-25,2610.0,17.3
84,26107,華航七,等價,112.6,-1.9,113.0,113.4,112.6,9,69,7778950,112.73,112.6,123.85,101.35,2021-08-26,2610.0,17.05
85,26107,華航七,等價,112.9,0.3,113.2,113.5,112.6,15,74,8354050,112.85,112.9,124.15,101.65,2021-08-27,2610.0,17.25
86,26107,華航七,等價,113.0,0.1,113.5,113.5,113.0,9,32,3621000,113.15,113.0,124.3,101.7,2021-08-30,2610.0,17.15
87,26107,華航七,等價,113.2,0.2,114.9,114.9,113.0,12,85,9619500,113.17,113.2,124.5,101.9,2021-08-31,2610.0,17.25
88,26107,華航七,等價,112.5,-0.7,113.2,113.2,112.2,18,94,10614850,112.92,112.5,123.75,101.25,2021-09-01,2610.0,17.05
89,26107,華航七,等價,110.5,-2.0,112.0,112.0,110.5,59,288,31962400,110.98,110.5,121.55,99.45,2021-09-02,2610.0,16.75
90,26107,華航七,等價,109.0,-1.5,110.3,110.3,109.0,85,621,67966200,109.44,109.0,119.9,98.1,2021-09-03,2610.0,16.5
91,26107,華航七,等價,107.5,-1.5,109.0,109.0,107.1,70,305,32875300,107.78,107.5,118.25,96.75,2021-09-06,2610.0,15.95
92,26107,華航七,等價,108.0,0.5,108.0,108.0,107.2,36,158,17017650,107.7,108.0,118.8,97.2,2021-09-07,2610.0,16.0
93,26107,華航七,等價,107.8,-0.2,108.0,108.0,107.6,20,119,12823000,107.75,107.8,118.55,97.05,2021-09-08,2610.0,15.8
94,26107,華航七,等價,108.8,1.0,107.6,109.0,107.0,34,419,45368000,108.27,108.8,119.65,97.95,2021-09-09,2610.0,15.55
95,26107,華航七,等價,110.2,1.4,109.2,110.8,109.1,51,285,31304350,109.83,110.2,121.2,99.2,2021-09-10,2610.0,16.1
96,26107,華航七,等價,110.0,-0.2,110.0,110.5,110.0,15,98,10785000,110.05,110.0,121.0,99.0,2021-09-13,2610.0,16.05
97,26107,華航七,等價,110.0,0.0,110.5,110.5,110.0,8,67,7378000,110.11,110.0,121.0,99.0,2021-09-14,2610.0,15.95
98,26107,華航七,等價,110.0,0.0,110.0,110.0,110.0,2,10,1100000,110.0,110.0,121.0,99.0,2021-09-15,2610.0,15.75
99,26107,華航七,等價,110.0,0.0,109.4,110.0,109.4,7,114,12537100,109.97,110.0,121.0,99.0,2021-09-16,2610.0,15.75
100,26107,華航七,等價,110.0,0.0,110.0,110.5,110.0,21,106,11683550,110.22,110.0,121.0,99.0,2021-09-17,2610.0,15.95
101,26107,華航七,等價,108.5,-1.5,108.6,108.6,108.5,3,12,1302200,108.51,108.5,119.35,97.65,2021-09-22,2610.0,15.75
102,26107,華航七,等價,110.0,1.5,110.0,110.0,109.5,12,82,9016000,109.95,110.0,121.0,99.0,2021-09-23,2610.0,16.1
103,26107,華航七,等價,110.0,0.0,110.0,111.0,110.0,20,80,8845650,110.57,110.0,121.0,99.0,2021-09-24,2610.0,16.2
104,26107,華航七,等價,112.5,2.5,110.0,112.5,110.0,37,175,19507450,111.47,112.5,123.75,101.25,2021-09-27,2610.0,16.75
105,26107,華航七,等價,112.0,-0.5,111.8,113.0,111.8,21,104,11710350,112.59,112.0,123.2,100.8,2021-09-28,2610.0,16.95
106,26107,華航七,等價,110.35,-1.65,111.8,111.8,110.05,13,35,3875850,110.73,110.35,121.35,99.35,2021-09-29,2610.0,16.75
107,26107,華航七,等價,111.5,1.15,110.0,111.6,110.0,23,117,13010100,111.19,111.5,122.65,100.35,2021-09-30,2610.0,17.2
108,26107,華航七,等價,110.5,-1.0,111.5,111.6,110.0,26,57,6328900,111.03,110.5,121.55,99.45,2021-10-01,2610.0,16.7
109,26107,華航七,等價,111.9,1.4,111.0,114.0,111.0,43,198,22223000,112.23,111.9,123.05,100.75,2021-10-04,2610.0,16.65
110,26107,華航七,等價,112.5,0.6,111.5,112.5,111.0,19,66,7375500,111.75,112.5,123.75,101.25,2021-10-05,2610.0,17.05
111,26107,華航七,等價,111.2,-1.3,112.0,112.5,111.2,6,38,4240600,111.59,111.2,122.3,100.1,2021-10-06,2610.0,16.65
112,26107,華航七,等價,112.0,0.8,112.0,112.0,111.8,8,27,3023800,111.99,112.0,123.2,100.8,2021-10-07,2610.0,16.75
113,26107,華航七,等價,112.0,0.0,112.0,112.0,112.0,1,1,112000,112.0,112.0,123.2,100.8,2021-10-08,2610.0,16.7
114,26107,華航七,等價,111.5,-0.5,113.0,113.0,111.5,29,66,7398100,112.09,111.5,122.65,100.35,2021-10-12,2610.0,16.75
115,26107,華航七,等價,112.0,0.5,111.95,112.0,111.5,30,116,12971250,111.82,112.0,123.2,100.8,2021-10-13,2610.0,16.8
116,26107,華航七,等價,111.5,-0.5,111.5,112.0,111.5,4,22,2463000,111.95,111.5,122.65,100.35,2021-10-14,2610.0,16.7
117,26107,華航七,等價,111.5,0.0,111.5,111.5,111.5,1,1,111500,111.5,111.5,122.65,100.35,2021-10-15,2610.0,16.75
118,26107,華航七,等價,111.5,0.0,111.5,111.5,111.4,7,40,4459000,111.47,111.5,122.65,100.35,2021-10-18,2610.0,16.75
119,26107,華航七,等價,113.2,1.7,112.5,113.35,112.5,22,87,9831250,113.0,113.2,124.5,101.9,2021-10-19,2610.0,16.9
120,26107,華航七,等價,113.0,-0.2,113.2,113.2,113.0,6,29,3278600,113.05,113.0,124.3,101.7,2021-10-20,2610.0,16.9
121,26107,華航七,等價,113.0,0.0,113.0,113.0,113.0,1,1,113000,113.0,113.0,124.3,101.7,2021-10-21,2610.0,16.6
122,26107,華航七,等價,111.05,-1.95,112.3,112.3,111.05,4,17,1897050,111.59,111.05,122.15,99.95,2021-10-22,2610.0,16.25
123,26107,華航七,等價,111.05,0.0,113.0,113.0,111.05,9,33,3687500,111.74,111.05,122.15,99.95,2021-10-25,2610.0,16.35
124,26107,華航七,等價,111.15,0.1,111.5,111.5,111.15,8,24,2671450,111.31,111.15,122.25,100.05,2021-10-26,2610.0,16.25
125,26107,華航七,等價,111.05,-0.1,111.15,111.15,111.05,8,39,4333950,111.12,111.05,122.15,99.95,2021-10-27,2610.0,16.2
126,26107,華航七,等價,112.5,1.45,112.0,112.8,112.0,15,76,8546500,112.45,112.5,123.75,101.25,2021-10-28,2610.0,16.95
127,26107,華航七,等價,113.5,1.0,112.55,114.0,112.5,37,138,15618300,113.17,113.5,124.85,102.15,2021-10-29,2610.0,17.2
128,26107,華航七,等價,115.7,2.2,114.3,116.0,114.0,111,444,51248100,115.42,115.7,127.25,104.15,2021-11-01,2610.0,18.1
129,26107,華航七,等價,118.0,2.3,116.0,119.0,116.0,146,615,72658300,118.14,118.0,129.8,106.2,2021-11-02,2610.0,18.95
130,26107,華航七,等價,118.0,0.0,119.0,119.8,118.0,100,430,51021050,118.65,118.0,129.8,106.2,2021-11-03,2610.0,19.1
131,26107,華航七,等價,118.0,0.0,118.95,120.5,117.5,114,509,60624100,119.1,118.0,129.8,106.2,2021-11-04,2610.0,19.2
132,26107,華航七,等價,119.3,1.3,119.0,119.5,118.5,75,265,31564150,119.11,119.3,131.2,107.4,2021-11-05,2610.0,19.55
133,26107,華航七,等價,120.5,1.2,119.5,122.0,119.5,188,901,108989300,120.96,120.5,132.55,108.45,2021-11-08,2610.0,21.0
134,26107,華航七,等價,123.1,2.6,121.5,123.1,120.5,300,1077,131546150,122.14,123.1,135.4,110.8,2021-11-09,2610.0,22.05
135,26107,華航七,等價,125.6,2.5,123.0,126.1,122.7,363,1812,225986500,124.71,125.6,138.15,113.05,2021-11-10,2610.0,23.2
136,26107,華航七,等價,132.5,6.9,126.0,132.5,126.0,764,4127,539282900,130.67,132.5,145.75,119.25,2021-11-11,2610.0,25.35
137,26107,華航七,等價,133.0,0.5,133.5,135.0,130.0,437,1485,196605050,132.39,133.0,146.3,119.7,2021-11-12,2610.0,25.55
138,26107,華航七,等價,138.5,5.5,134.0,138.5,131.5,426,1539,207650550,134.92,138.5,152.0,124.65,2021-11-15,2610.0,26.4
139,26107,華航七,等價,140.9,2.4,138.5,151.0,136.9,1280,3610,522617650,144.76,140.9,154.0,126.85,2021-11-16,2610.0,27.1
140,26107,華航七,等價,151.0,10.1,145.0,151.0,142.75,546,2508,373250500,148.82,151.0,166.0,135.9,2021-11-17,2610.0,29.0
141,26107,華航七,等價,149.0,-2.0,150.0,151.0,146.0,295,1112,166895950,150.08,149.0,163.0,134.1,2021-11-18,2610.0,28.35
142,26107,華航七,等價,145.0,-4.0,148.0,149.4,142.9,301,912,133826100,146.73,145.0,159.0,130.5,2021-11-19,2610.0,27.65
143,26107,華航七,等價,145.1,0.1,147.5,151.0,143.1,257,777,114558200,147.43,145.1,159.0,130.6,2021-11-22,2610.0,27.45
144,26107,華航七,等價,146.1,1.0,145.5,148.6,144.1,248,1066,156827350,147.09,146.1,160.0,131.5,2021-11-23,2610.0,27.75
145,26107,華航七,等價,156.0,9.9,148.3,156.0,148.3,850,4010,608884200,151.84,156.0,171.0,140.4,2021-11-24,2610.0,30.05
146,26107,華航七,等價,156.0,0.0,160.0,162.0,153.0,187,538,85256000,158.46,156.0,171.0,140.4,2021-11-25,2610.0,29.65
147,26107,華航七,等價,140.4,-15.6,150.0,152.0,140.4,240,889,126150350,141.9,140.4,154.0,126.4,2021-11-26,2610.0,26.7
148,26107,華航七,等價,132.2,-8.2,132.0,137.0,130.0,460,1658,220436550,132.95,132.2,145.4,119.0,2021-11-29,2610.0,24.75
149,26107,華航七,等價,139.9,7.7,138.85,141.0,137.5,152,396,54900050,138.63,139.9,153.0,125.95,2021-11-30,2610.0,26.0
150,26107,華航七,等價,141.95,2.05,134.9,141.95,134.9,87,177,24510350,138.47,141.95,156.0,127.8,2021-12-01,2610.0,27.0
151,26107,華航七,等價,139.3,-2.65,138.5,140.0,137.2,74,176,24376150,138.5,139.3,153.0,125.4,2021-12-02,2610.0,26.1
152,26107,華航七,等價,138.05,-1.25,141.05,142.0,137.1,73,133,18637050,140.07,138.05,151.0,124.25,2021-12-03,2610.0,25.8
153,26107,華航七,等價,141.0,2.95,137.5,141.0,137.3,65,156,21830650,139.94,141.0,155.0,126.9,2021-12-06,2610.0,26.55
154,26107,華航七,等價,150.0,9.0,143.2,150.0,140.9,243,889,129298800,145.44,150.0,165.0,135.0,2021-12-07,2610.0,28.4
155,26107,華航七,等價,150.0,0.0,149.0,151.0,146.5,148,426,63440650,148.92,150.0,165.0,135.0,2021-12-08,2610.0,28.5
156,26107,華航七,等價,154.0,4.0,151.0,155.0,151.0,231,873,133762000,153.22,154.0,169.0,138.6,2021-12-09,2610.0,29.35
157,26107,華航七,等價,151.0,-3.0,151.0,157.0,150.0,129,311,47908000,154.04,151.0,166.0,135.9,2021-12-10,2610.0,28.7
158,26107,華航七,等價,142.25,-8.75,151.0,152.0,142.2,243,1003,145871800,145.43,142.25,156.0,128.05,2021-12-13,2610.0,27.0
159,26107,華航七,等價,137.05,-5.2,141.5,142.4,137.0,195,706,97597350,138.23,137.05,150.0,123.35,2021-12-14,2610.0,25.9
160,26107,華航七,等價,142.0,4.95,138.0,142.3,138.0,86,189,26573200,140.59,142.0,156.0,127.8,2021-12-15,2610.0,27.2
161,26107,華航七,等價,141.0,-1.0,144.0,144.0,139.2,34,64,9033850,140.68,141.0,155.0,126.9,2021-12-16,2610.0,26.7
162,26107,華航七,等價,138.0,-3.0,142.0,142.0,138.0,27,50,6969950,139.39,138.0,151.0,124.2,2021-12-17,2610.0,26.2
163,26107,華航七,等價,141.0,3.0,138.0,141.0,137.5,61,191,26510600,138.79,141.0,155.0,126.9,2021-12-20,2610.0,26.75
164,26107,華航七,等價,139.0,-2.0,140.0,140.0,137.3,75,208,28885250,138.87,139.0,152.0,125.1,2021-12-21,2610.0,26.3
165,26107,華航七,等價,139.4,0.4,139.0,140.0,138.3,46,119,16556450,139.12,139.4,153.0,125.5,2021-12-22,2610.0,26.1
166,26107,華航七,等價,139.1,-0.3,138.8,141.0,138.7,59,165,23019850,139.51,139.1,153.0,125.2,2021-12-23,2610.0,26.15
167,26107,華航七,等價,140.0,0.9,141.0,143.0,140.0,57,153,21708100,141.88,140.0,154.0,126.0,2021-12-24,2610.0,26.2
168,26107,華航七,等價,143.0,3.0,139.0,143.0,138.6,58,193,27194000,140.9,143.0,157.0,128.7,2021-12-27,2610.0,27.0
169,26107,華航七,等價,142.55,-0.45,143.0,143.6,142.55,43,128,18326450,143.17,142.55,156.0,128.3,2021-12-28,2610.0,26.9
170,26107,華航七,等價,142.5,-0.05,142.6,145.0,142.5,83,341,48928500,143.48,142.5,156.0,128.25,2021-12-29,2610.0,26.75
171,26107,華航七,等價,143.85,1.35,142.5,145.9,142.5,58,163,23438450,143.79,143.85,158.0,129.5,2021-12-30,2610.0,27.55
172,26107,華航七,等價,140.5,-3.35,146.0,146.3,139.2,74,200,28323100,141.61,140.5,154.0,126.45,2022-01-03,2610.0,26.3
173,26107,華航七,等價,142.0,1.5,139.55,142.0,139.55,16,63,8888100,141.08,142.0,156.0,127.8,2022-01-04,2610.0,26.65
174,26107,華航七,等價,143.6,1.6,143.5,144.75,143.5,27,100,14438500,144.38,143.6,157.0,129.25,2022-01-05,2610.0,27.3
175,26107,華航七,等價,143.2,-0.4,144.2,144.8,143.2,54,189,27298700,144.43,143.2,157.0,128.9,2022-01-06,2610.0,27.4
176,26107,華航七,等價,142.6,-0.6,144.5,146.0,135.0,84,220,30907200,140.48,142.6,156.0,128.35,2022-01-07,2610.0,27.0
177,26107,華航七,等價,140.5,-2.1,140.0,143.0,140.0,45,113,15915150,140.84,140.5,154.0,126.45,2022-01-10,2610.0,26.35
178,26107,華航七,等價,140.0,-0.5,140.5,142.5,139.7,32,88,12364500,140.5,140.0,154.0,126.0,2022-01-11,2610.0,26.3
179,26107,華航七,等價,135.8,-4.2,140.0,140.0,135.8,73,237,32579500,137.46,135.8,149.35,122.25,2022-01-12,2610.0,25.25
180,26107,華航七,等價,135.0,-0.8,135.8,137.8,134.0,48,160,21658050,135.36,135.0,148.5,121.5,2022-01-13,2610.0,25.1
181,26107,華航七,等價,136.5,1.5,135.0,138.0,135.0,24,67,9091350,135.69,136.5,150.0,122.85,2022-01-14,2610.0,25.55
182,26107,華航七,等價,139.95,3.45,136.5,139.95,136.0,18,55,7559950,137.45,139.95,153.0,126.0,2022-01-17,2610.0,25.95
183,26107,華航七,等價,138.0,-1.95,139.95,139.95,137.6,39,173,23936050,138.35,138.0,151.0,124.2,2022-01-18,2610.0,25.45
184,26107,華航七,等價,134.5,-3.5,137.6,137.6,134.0,100,394,53488750,135.75,134.5,147.95,121.05,2022-01-19,2610.0,24.5
185,26107,華航七,等價,136.6,2.1,133.55,136.6,132.75,73,373,49846800,133.63,136.6,150.0,122.95,2022-01-20,2610.0,25.0
186,26107,華航七,等價,131.8,-4.8,134.2,134.2,131.8,98,456,60638400,132.97,131.8,144.95,118.65,2022-01-21,2610.0,23.95
187,26107,華航七,等價,131.2,-0.6,129.2,131.7,128.1,69,319,41309550,129.49,131.2,144.3,118.1,2022-01-24,2610.0,23.5
188,26107,華航七,等價,128.2,-3.0,130.55,130.55,128.2,47,168,21732800,129.36,128.2,141.0,115.4,2022-01-25,2610.0,22.8
189,26107,華航七,等價,129.65,1.45,128.0,130.5,128.0,45,179,23232750,129.79,129.65,142.6,116.7,2022-01-26,2610.0,23.4
190,26107,華航七,等價,0.0,0.0,0.0,0.0,0.0,0,0,0,129.79,129.65,142.6,116.7,,,
191,26107,華航七,等價,0.0,0.0,0.0,0.0,0.0,0,0,0,129.79,129.65,142.6,116.7,,,
192,26107,華航七,等價,138.5,8.85,132.0,138.95,132.0,59,181,24493100,135.32,138.5,152.0,124.65,2022-02-07,2610.0,25.6
193,26107,華航七,等價,138.6,0.1,137.95,142.0,136.0,129,553,76871350,139.0,138.6,152.0,124.75,2022-02-08,2610.0,26.2
194,26107,華航七,等價,142.7,4.1,140.5,142.7,140.3,134,444,62755100,141.34,142.7,156.0,128.45,2022-02-09,2610.0,27.0
195,26107,華航七,等價,143.0,0.3,143.0,144.5,141.1,100,319,45558600,142.81,143.0,157.0,128.7,2022-02-10,2610.0,26.95
196,26107,華航七,等價,146.5,3.5,141.2,146.5,141.1,85,303,43845050,144.7,146.5,161.0,131.85,2022-02-11,2610.0,27.75
197,26107,華航七,等價,142.2,-4.3,142.5,144.1,142.2,73,193,27614050,143.07,142.2,156.0,128.0,2022-02-14,2610.0,26.7
198,26107,華航七,等價,146.5,4.3,143.5,151.0,143.5,170,514,76214350,148.27,146.5,161.0,131.85,2022-02-15,2610.0,27.45
199,26107,華航七,等價,152.0,5.5,148.55,153.0,148.55,222,664,100327450,151.09,152.0,167.0,136.8,2022-02-16,2610.0,28.95
200,26107,華航七,等價,167.0,15.0,152.0,167.0,152.0,444,1342,215538000,160.6,167.0,183.0,151.0,2022-02-17,2610.0,31.0
201,26107,華航七,等價,166.0,-1.0,163.0,167.0,160.0,206,797,131332000,164.78,166.0,182.0,149.4,2022-02-18,2610.0,31.7
202,26107,華航七,等價,153.0,-13.0,163.0,163.0,149.4,272,1548,239280400,154.57,153.0,168.0,137.7,2022-02-21,2610.0,29.0
203,26107,華航七,等價,151.0,-2.0,150.0,155.0,147.5,160,509,76499600,150.29,151.0,166.0,135.9,2022-02-22,2610.0,28.45
204,26107,華航七,等價,159.0,8.0,151.0,160.0,150.0,176,600,92296000,153.82,159.0,174.0,143.1,2022-02-23,2610.0,30.3
205,26107,華航七,等價,148.5,-10.5,154.0,155.0,146.0,223,743,112337700,151.19,148.5,163.0,133.65,2022-02-24,2610.0,27.95
206,26107,華航七,等價,149.0,0.5,152.0,153.0,149.0,113,423,64094400,151.52,149.0,163.0,134.1,2022-02-25,2610.0,27.9
207,26107,華航七,等價,148.5,-0.5,149.1,150.0,146.1,77,188,27901850,148.41,148.5,163.0,133.65,2022-03-01,2610.0,28.05
208,26107,華航七,等價,147.1,-1.4,147.0,148.4,144.05,88,300,43815400,146.05,147.1,161.0,132.4,2022-03-02,2610.0,27.7
209,26107,華航七,等價,150.0,2.9,147.85,153.0,147.85,110,441,66354700,150.46,150.0,165.0,135.0,2022-03-03,2610.0,28.4
210,26107,華航七,等價,150.0,0.0,149.9,153.0,149.45,99,352,53304450,151.43,150.0,165.0,135.0,2022-03-04,2610.0,28.35
211,26107,華航七,等價,143.9,-6.1,150.0,150.0,143.0,150,411,59473400,144.7,143.9,158.0,129.55,2022-03-07,2610.0,26.5
212,26107,華航七,等價,134.6,-9.3,140.0,141.4,133.6,220,819,112719900,137.63,134.6,148.05,121.15,2022-03-08,2610.0,24.5
213,26107,華航七,等價,137.5,2.9,136.5,138.0,136.5,70,241,33083200,137.27,137.5,151.0,123.75,2022-03-09,2610.0,25.65
214,26107,華航七,等價,142.8,5.3,140.5,143.5,140.5,104,277,39395000,142.22,142.8,157.0,128.55,2022-03-10,2610.0,26.7
215,26107,華航七,等價,142.0,-0.8,141.9,142.8,141.0,42,112,15843700,141.46,142.0,156.0,127.8,2022-03-11,2610.0,26.95
216,26107,華航七,等價,141.3,-0.7,142.1,142.7,140.6,54,128,18115000,141.52,141.3,155.0,127.2,2022-03-14,2610.0,26.5
217,26107,華航七,等價,140.9,-0.4,142.5,142.9,140.6,50,112,15842250,141.44,140.9,154.0,126.85,2022-03-15,2610.0,26.3
218,26107,華航七,等價,143.9,3.0,142.5,145.3,141.0,211,962,137609300,143.04,143.9,158.0,129.55,2022-03-16,2610.0,27.55
219,26107,華航七,等價,153.0,9.1,147.0,154.0,146.5,298,1040,155523600,149.43,153.0,168.0,137.7,2022-03-17,2610.0,29.2
220,26107,華航七,等價,152.0,-1.0,151.0,153.0,148.5,104,280,42140450,150.5,152.0,167.0,136.8,2022-03-18,2610.0,28.6
221,26107,華航七,等價,150.0,-2.0,152.0,152.0,148.5,81,270,40326600,149.26,150.0,165.0,135.0,2022-03-21,2610.0,28.05
222,26107,華航七,等價,145.0,-5.0,148.1,148.1,144.5,96,214,31178100,145.64,145.0,159.0,130.5,2022-03-22,2610.0,27.0
223,26107,華航七,等價,144.6,-0.4,145.0,146.6,144.5,52,172,24928000,144.93,144.6,159.0,130.15,2022-03-23,2610.0,27.5
224,26107,華航七,等價,142.85,-1.75,144.1,144.1,142.0,95,233,33234250,142.69,142.85,157.0,128.6,2022-03-24,2610.0,26.85
225,26107,華航七,等價,141.0,-1.85,142.7,143.9,140.0,86,242,34252500,141.53,141.0,155.0,126.9,2022-03-25,2610.0,26.35
226,26107,華航七,等價,143.8,2.8,137.0,143.85,136.75,60,212,29806550,140.59,143.8,158.0,129.45,2022-03-28,2610.0,27.15
227,26107,華航七,等價,145.6,1.8,144.15,147.5,144.15,141,336,49082450,146.07,145.6,160.0,131.05,2022-03-29,2610.0,27.3
228,26107,華航七,等價,144.55,-1.05,146.9,147.7,144.0,95,265,38670750,145.92,144.55,159.0,130.1,2022-03-30,2610.0,27.1
229,26107,華航七,等價,143.0,-1.55,144.55,145.2,142.6,98,244,35151550,144.06,143.0,157.0,128.7,2022-03-31,2610.0,26.65
230,26107,華航七,等價,144.0,1.0,141.0,144.0,140.6,74,223,31922050,143.14,144.0,158.0,129.6,2022-04-01,2610.0,27.2
231,26107,華航七,等價,145.9,1.9,144.0,145.9,143.05,88,198,28676500,144.83,145.9,160.0,131.35,2022-04-06,2610.0,27.7
232,26107,華航七,等價,141.4,-4.5,145.2,145.2,141.3,65,171,24453550,143.0,141.4,155.0,127.3,2022-04-07,2610.0,26.55
233,26107,華航七,等價,143.7,2.3,143.0,144.85,142.55,57,155,22238800,143.47,143.7,158.0,129.35,2022-04-08,2610.0,27.1
234,26107,華航七,等價,143.25,-0.45,142.3,143.5,141.6,26,44,6268750,142.47,143.25,157.0,128.95,2022-04-11,2610.0,26.75
235,26107,華航七,等價,144.95,1.7,143.95,145.0,143.3,98,311,44881500,144.31,144.95,159.0,130.5,2022-04-12,2610.0,27.35
236,26107,華航七,等價,148.0,3.05,145.5,151.0,145.5,391,1671,248390600,148.64,148.0,162.0,133.2,2022-04-13,2610.0,28.2
237,26107,華航七,等價,152.0,4.0,151.0,153.0,149.3,266,1212,183413500,151.33,152.0,167.0,136.8,2022-04-14,2610.0,28.85
238,26107,華航七,等價,149.95,-2.05,150.0,151.0,149.0,106,231,34663450,150.05,149.95,164.0,135.0,2022-04-15,2610.0,28.5
239,26107,華航七,等價,143.65,-6.3,149.9,149.9,143.65,133,252,36778700,145.94,143.65,158.0,129.3,2022-04-18,2610.0,27.15
240,26107,華航七,等價,152.0,8.35,147.0,152.0,146.1,333,1169,174176600,148.99,152.0,167.0,136.8,2022-04-19,2610.0,28.9
241,26107,華航七,等價,152.0,0.0,153.0,156.0,151.0,201,500,76888000,153.77,152.0,167.0,136.8,2022-04-20,2610.0,28.9
242,26107,華航七,等價,155.0,3.0,153.0,156.0,153.0,157,545,84677000,155.0,155.0,170.0,139.5,2022-04-21,2610.0,29.75
243,26107,華航七,等價,156.0,1.0,155.0,156.0,154.0,120,384,59588000,155.17,156.0,171.0,140.4,2022-04-22,2610.0,29.85
244,26107,華航七,等價,154.0,-2.0,152.0,154.0,150.0,121,470,71328000,151.76,154.0,169.0,138.6,2022-04-25,2610.0,29.3
245,26107,華航七,等價,148.5,-5.5,155.0,156.0,148.5,124,403,60685650,150.58,148.5,163.0,133.65,2022-04-26,2610.0,28.2
246,26107,華航七,等價,146.9,-1.6,145.9,146.9,143.1,137,465,67548600,145.26,146.9,161.0,132.25,2022-04-27,2610.0,27.75
247,26107,華航七,等價,144.95,-1.95,146.1,146.85,144.8,60,161,23425450,145.49,144.95,159.0,130.5,2022-04-28,2610.0,27.4
248,26107,華航七,等價,146.7,1.75,145.1,148.5,145.1,86,305,44981500,147.48,146.7,161.0,132.05,2022-04-29,2610.0,27.85
249,26107,華航七,等價,148.0,1.3,148.0,149.5,147.6,35,150,22256250,148.37,148.0,162.0,133.2,2022-05-03,2610.0,28.05
250,26107,華航七,等價,152.0,4.0,149.5,152.0,149.5,58,233,35248700,151.28,152.0,167.0,136.8,2022-05-04,2610.0,28.75
251,26107,華航七,等價,151.0,-1.0,153.0,153.0,150.0,50,229,34724000,151.63,151.0,166.0,135.9,2022-05-05,2610.0,28.65
252,26107,華航七,等價,149.8,-1.2,148.0,149.8,147.0,80,203,29971150,147.64,149.8,164.0,134.85,2022-05-06,2610.0,28.35
253,26107,華航七,等價,147.4,-2.4,149.0,150.0,147.0,84,170,25259000,148.58,147.4,162.0,132.7,2022-05-09,2610.0,27.9
254,26107,華航七,等價,146.0,-1.4,145.95,147.25,143.95,78,150,21801900,145.34,146.0,160.0,131.4,2022-05-10,2610.0,27.85
255,26107,華航七,等價,143.45,-2.55,146.0,146.0,143.0,47,255,36555000,143.35,143.45,157.0,129.15,2022-05-11,2610.0,27.1
256,26107,華航七,等價,132.1,-11.35,143.8,143.8,132.0,275,902,122799650,136.09,132.1,145.3,118.9,2022-05-12,2610.0,24.55
257,26107,華航七,等價,135.0,2.9,133.0,135.0,133.0,96,260,34713950,133.51,135.0,148.5,121.5,2022-05-13,2610.0,25.3
258,26107,華航七,等價,135.55,0.55,135.0,135.55,134.0,21,39,5251750,134.66,135.55,149.1,122.0,2022-05-16,2610.0,25.3
259,26107,華航七,等價,134.45,-1.1,136.0,136.0,133.1,31,126,16938800,134.43,134.45,147.85,121.05,2022-05-17,2610.0,24.95
260,26107,華航七,等價,134.9,0.45,135.0,136.05,134.05,107,506,68074600,134.53,134.9,148.35,121.45,2022-05-18,2610.0,25.35
261,26107,華航七,等價,132.45,-2.45,131.9,132.45,128.6,130,284,36972900,130.18,132.45,145.65,119.25,2022-05-19,2610.0,24.85
262,26107,華航七,等價,133.2,0.75,132.5,133.5,132.5,29,60,7978000,132.96,133.2,146.5,119.9,2022-05-20,2610.0,25.1
263,26107,華航七,等價,136.6,3.4,134.5,137.5,134.5,77,1131,153413650,135.64,136.6,150.0,122.95,2022-05-23,2610.0,25.85
264,26107,華航七,等價,135.0,-1.6,137.0,137.5,134.6,26,57,7736500,135.72,135.0,148.5,121.5,2022-05-24,2610.0,25.55
265,26107,華航七,等價,138.85,3.85,136.0,139.0,135.05,113,366,49966400,136.52,138.85,152.0,125.0,2022-05-25,2610.0,26.4
266,26107,華航七,等價,136.55,-2.3,138.85,138.85,136.0,24,41,5624550,137.18,136.55,150.0,122.9,2022-05-26,2610.0,25.9
267,26107,華航七,等價,137.5,0.95,138.1,138.5,137.3,37,58,7993100,137.81,137.5,151.0,123.75,2022-05-27,2610.0,26.1
268,26107,華航七,等價,140.7,3.2,140.0,141.9,139.5,151,526,74032650,140.74,140.7,154.0,126.65,2022-05-30,2610.0,26.8
269,26107,華航七,等價,141.5,0.8,140.2,141.5,139.5,20,37,5208950,140.78,141.5,155.0,127.35,2022-05-31,2610.0,27.1
270,26107,華航七,等價,142.0,0.5,141.9,142.5,141.05,24,61,8666750,142.07,142.0,156.0,127.8,2022-06-01,2610.0,26.95
271,26107,華航七,等價,143.85,1.85,142.3,144.4,142.3,85,417,59984800,143.84,143.85,158.0,129.5,2022-06-02,2610.0,27.4
272,26107,華航七,等價,142.9,-0.95,142.0,142.9,141.3,29,45,6383500,141.85,142.9,157.0,128.65,2022-06-06,2610.0,27.05
273,26107,華航七,等價,141.95,-0.95,141.8,141.95,141.0,14,32,4517300,141.16,141.95,156.0,127.8,2022-06-07,2610.0,26.8
274,26107,華航七,等價,141.4,-0.55,141.1,141.8,141.0,11,22,3105150,141.14,141.4,155.0,127.3,2022-06-08,2610.0,26.8
275,26107,華航七,等價,140.8,-0.6,140.1,140.8,139.5,22,49,6860700,140.01,140.8,154.0,126.75,2022-06-09,2610.0,26.65
276,26107,華航七,等價,136.5,-4.3,139.0,139.5,135.0,81,1180,164107350,139.07,136.5,150.0,122.85,2022-06-10,2610.0,25.95
277,26107,華航七,等價,134.65,-1.85,136.5,137.0,134.5,10,32,4333550,135.42,134.65,148.1,121.2,2022-06-13,2610.0,25.5
278,26107,華航七,等價,133.65,-1.0,133.4,133.65,131.2,85,230,30366300,132.02,133.65,147.0,120.3,2022-06-14,2610.0,25.3
279,26107,華航七,等價,132.3,-1.35,133.65,135.0,132.25,43,79,10548450,133.52,132.3,145.5,119.1,2022-06-15,2610.0,25.05
280,26107,華航七,等價,129.85,-2.45,135.0,135.0,129.0,95,527,68485400,129.95,129.85,142.8,116.9,2022-06-16,2610.0,24.5
281,26107,華航七,等價,126.5,-3.35,126.2,126.5,124.0,125,280,35042700,125.15,126.5,139.15,113.85,2022-06-17,2610.0,23.35
282,26107,華航七,等價,122.0,-4.5,124.0,125.0,122.0,45,139,17123650,122.39,122.0,134.2,109.8,2022-06-20,2610.0,22.25
283,26107,華航七,等價,127.3,5.3,124.0,127.3,123.6,183,1135,143048300,126.03,127.3,140.0,114.6,2022-06-21,2610.0,24.0
284,26107,華航七,等價,125.8,-1.5,126.0,127.3,124.0,56,346,43590650,125.98,125.8,138.35,113.25,2022-06-22,2610.0,23.5
285,26107,華航七,等價,122.05,-3.75,124.55,124.55,121.5,98,829,101449450,122.37,122.05,134.25,109.85,2022-06-23,2610.0,22.15
286,26107,華航七,等價,123.7,1.65,123.4,123.9,122.05,31,58,7138650,123.08,123.7,136.05,111.35,2022-06-24,2610.0,22.35
287,26107,華航七,等價,126.45,2.75,125.0,126.45,125.0,64,212,26656800,125.73,126.45,139.05,113.85,2022-06-27,2610.0,23.3
288,26107,華航七,等價,126.3,-0.15,123.7,126.3,123.5,35,407,51082350,125.5,126.3,138.9,113.7,2022-06-28,2610.0,23.2
289,26107,華航七,等價,126.75,0.45,124.3,126.8,124.0,17,109,13742000,126.07,126.75,139.4,114.1,2022-06-29,2610.0,23.6
290,26107,華航七,等價,127.0,0.25,124.0,127.0,124.0,23,59,7405700,125.52,127.0,139.7,114.3,2022-06-30,2610.0,23.5
291,26107,華航七,等價,123.95,-3.05,125.0,125.0,122.1,23,52,6418100,123.42,123.95,136.3,111.6,2022-07-01,2610.0,22.0
292,26107,華航七,等價,124.9,0.95,124.0,125.0,123.8,50,125,15543500,124.34,124.9,137.35,112.45,2022-07-04,2610.0,22.45
293,26107,華航七,等價,128.4,3.5,125.5,128.4,124.5,60,146,18446900,126.34,128.4,141.2,115.6,2022-07-05,2610.0,23.35
294,26107,華航七,等價,128.35,-0.05,129.0,129.0,127.7,39,158,20290100,128.41,128.35,141.15,115.55,2022-07-06,2610.0,22.35
295,26107,華航七,等價,129.3,0.95,128.0,129.3,128.0,31,158,20324500,128.63,129.3,142.2,116.4,2022-07-07,2610.0,22.8
296,26107,華航七,等價,131.0,1.7,129.85,132.0,129.85,45,197,25810750,131.01,131.0,144.1,117.9,2022-07-08,2610.0,23.25
297,26107,華航七,等價,129.9,-1.1,129.9,129.9,129.0,21,79,10222100,129.39,129.9,142.85,116.95,2022-07-11,2610.0,23.25
298,26107,華航七,等價,125.8,-4.1,125.05,126.55,124.7,40,144,17997300,124.98,125.8,138.35,113.25,2022-07-12,2610.0,22.25
299,26107,華航七,等價,130.8,5.0,126.6,132.0,126.6,91,280,36360800,129.86,130.8,143.85,117.75,2022-07-13,2610.0,23.15
300,26107,華航七,等價,130.7,-0.1,129.95,130.7,129.5,6,7,912050,130.29,130.7,143.75,117.65,2022-07-14,2610.0,23.15
301,26107,華航七,等價,126.6,-4.1,129.0,129.0,126.6,18,32,4075400,127.35,126.6,139.25,113.95,2022-07-15,2610.0,22.65
302,26107,華航七,等價,129.0,2.4,128.0,129.5,128.0,29,131,16819850,128.39,129.0,141.9,116.1,2022-07-18,2610.0,23.2
303,26107,華航七,等價,130.95,1.95,129.0,130.95,129.0,33,110,14287050,129.88,130.95,144.0,117.9,2022-07-19,2610.0,23.6
304,26107,華航七,等價,129.6,-1.35,132.0,132.0,129.6,42,120,15692600,130.77,129.6,142.55,116.65,2022-07-20,2610.0,23.25
305,26107,華航七,等價,129.5,-0.1,130.5,130.5,128.8,10,61,7881000,129.19,129.5,142.45,116.55,2022-07-21,2610.0,23.3
306,26107,華航七,等價,128.95,-0.55,128.0,129.5,128.0,16,51,6565700,128.73,128.95,141.8,116.1,2022-07-22,2610.0,23.2
307,26107,華航七,等價,128.0,-0.95,127.15,128.0,127.15,10,48,6117200,127.44,128.0,140.8,115.2,2022-07-25,2610.0,22.8
308,26107,華航七,等價,127.0,-1.0,128.0,128.0,127.0,13,40,5097750,127.44,127.0,139.7,114.3,2022-07-26,2610.0,22.65
309,26107,華航七,等價,128.5,1.5,127.3,128.5,127.3,45,119,15235750,128.03,128.5,141.35,115.65,2022-07-27,2610.0,23.1
310,26107,華航七,等價,126.1,-2.4,129.0,129.0,126.1,15,60,7635650,127.26,126.1,138.7,113.5,2022-07-28,2610.0,22.7
311,26107,華航七,等價,126.5,0.4,127.0,127.4,126.5,29,236,29947850,126.89,126.5,139.15,113.85,2022-07-29,2610.0,22.6
312,26107,華航七,等價,126.4,-0.1,126.5,126.5,125.5,6,44,5558100,126.32,126.4,139.0,113.8,2022-08-01,2610.0,22.4
313,26107,華航七,等價,123.0,-3.4,123.4,123.9,123.0,63,209,25767500,123.28,123.0,135.3,110.7,2022-08-02,2610.0,21.55
314,26107,華航七,等價,122.1,-0.9,124.9,124.9,121.5,36,140,17126350,122.33,122.1,134.3,109.9,2022-08-03,2610.0,21.05
315,26107,華航七,等價,121.6,-0.5,120.0,122.0,120.0,59,244,29498100,120.89,121.6,133.75,109.45,2022-08-04,2610.0,21.05
316,26107,華航七,等價,123.8,2.2,122.0,123.9,122.0,38,80,9824900,122.81,123.8,136.15,111.45,2022-08-05,2610.0,21.75
317,26107,華航七,等價,123.0,-0.8,122.0,123.0,122.0,9,20,2455500,122.77,123.0,135.3,110.7,2022-08-08,2610.0,21.7
318,26107,華航七,等價,123.1,0.1,123.45,124.0,123.1,8,21,2595300,123.58,123.1,135.4,110.8,2022-08-09,2610.0,21.85
319,26107,華航七,等價,123.0,-0.1,122.0,124.4,122.0,30,330,40585800,122.98,123.0,135.3,110.7,2022-08-10,2610.0,21.8
320,26107,華航七,等價,124.0,1.0,124.0,125.0,124.0,10,133,16504500,124.09,124.0,136.4,111.6,2022-08-11,2610.0,21.95
321,26107,華航七,等價,123.85,-0.15,123.0,123.85,123.0,9,199,24639700,123.81,123.85,136.2,111.5,2022-08-12,2610.0,22.05
322,26107,華航七,等價,123.0,-0.85,123.9,123.9,123.0,4,12,1478700,123.22,123.0,135.3,110.7,2022-08-15,2610.0,21.9
323,26107,華航七,等價,123.5,0.5,123.0,123.5,123.0,2,20,2462500,123.12,123.5,135.85,111.15,2022-08-16,2610.0,21.9
324,26107,華航七,等價,122.8,-0.7,123.4,123.5,122.8,17,33,4057650,122.95,122.8,135.05,110.55,2022-08-17,2610.0,21.8
325,26107,華航七,等價,123.0,0.2,122.35,123.0,122.3,11,42,5155050,122.73,123.0,135.3,110.7,2022-08-18,2610.0,21.7
326,26107,華航七,等價,122.0,-1.0,122.0,122.0,121.5,27,100,12192550,121.92,122.0,134.2,109.8,2022-08-19,2610.0,21.4
327,26107,華航七,等價,121.5,-0.5,121.0,122.0,121.0,25,96,11674350,121.6,121.5,133.65,109.35,2022-08-22,2610.0,21.35
328,26107,華航七,等價,120.45,-1.05,119.0,120.5,119.0,20,55,6589350,119.8,120.45,132.45,108.45,2022-08-23,2610.0,21.0
329,26107,華航七,等價,118.55,-1.9,120.9,120.9,118.55,36,159,18973750,119.33,118.55,130.4,106.7,2022-08-24,2610.0,20.6
330,26107,華航七,等價,119.3,0.75,119.0,119.3,118.75,24,84,9994000,118.97,119.3,131.2,107.4,2022-08-25,2610.0,20.85
331,26107,華航七,等價,126.6,7.3,119.45,127.5,119.45,168,460,57332200,124.63,126.6,139.25,113.95,2022-08-26,2610.0,22.9
332,26107,華航七,等價,125.1,-1.5,124.4,126.0,123.5,60,115,14348900,124.77,125.1,137.6,112.6,2022-08-29,2610.0,22.2
333,26107,華航七,等價,124.9,-0.2,126.0,126.4,124.55,18,48,6038550,125.8,124.9,137.35,112.45,2022-08-30,2610.0,22.25
334,26107,華航七,等價,127.65,2.75,125.5,129.1,125.1,83,249,31791500,127.67,127.65,140.4,114.9,2022-08-31,2610.0,22.8
335,26107,華航七,等價,126.8,-0.85,127.9,127.9,126.65,15,44,5598650,127.24,126.8,139.45,114.15,2022-09-01,2610.0,22.7
336,26107,華航七,等價,124.7,-2.1,125.6,125.6,124.7,34,63,7880250,125.08,124.7,137.15,112.25,2022-09-02,2610.0,22.0
337,26107,華航七,等價,123.0,-1.7,124.7,125.0,123.0,20,61,7536900,123.55,123.0,135.3,110.7,2022-09-05,2610.0,21.4
338,26107,華航七,等價,123.4,0.4,123.5,124.5,123.4,15,30,3714600,123.82,123.4,135.7,111.1,2022-09-06,2610.0,21.55
339,26107,華航七,等價,122.0,-1.4,122.8,122.9,122.0,16,50,6107450,122.14,122.0,134.2,109.8,2022-09-07,2610.0,21.2
340,26107,華航七,等價,124.0,2.0,123.0,124.0,123.0,16,34,4200400,123.54,124.0,136.4,111.6,2022-09-08,2610.0,21.9
341,26107,華航七,等價,125.2,1.2,124.5,125.8,124.5,32,82,10271150,125.25,125.2,137.7,112.7,2022-09-12,2610.0,22.4
342,26107,華航七,等價,125.65,0.45,125.95,126.0,125.2,13,27,3391700,125.61,125.65,138.2,113.1,2022-09-13,2610.0,22.35
343,26107,華航七,等價,124.8,-0.85,125.0,125.0,124.6,13,25,3124000,124.97,124.8,137.25,112.35,2022-09-14,2610.0,22.05
344,26107,華航七,等價,125.05,0.25,125.5,126.0,125.0,13,29,3638400,125.46,125.05,137.55,112.55,2022-09-15,2610.0,22.15
345,26107,華航七,等價,126.3,1.25,125.0,126.3,125.0,21,51,6408650,125.65,126.3,138.9,113.7,2022-09-16,2610.0,22.6
346,26107,華航七,等價,126.0,-0.3,124.05,127.5,124.0,28,52,6533550,125.64,126.0,138.6,113.4,2022-09-19,2610.0,22.45
347,26107,華航七,等價,127.05,1.05,127.5,128.0,126.0,33,59,7517550,127.41,127.05,139.75,114.35,2022-09-20,2610.0,22.7
348,26107,華航七,等價,127.0,-0.05,126.0,127.0,126.0,22,49,6196100,126.45,127.0,139.7,114.3,2022-09-21,2610.0,22.7
349,26107,華航七,等價,125.85,-1.15,127.0,129.2,125.5,79,479,60530700,126.36,125.85,138.4,113.3,2022-09-22,2610.0,22.2
350,26107,華航七,等價,122.35,-3.5,125.0,125.0,122.35,53,345,42408200,122.92,122.35,134.55,110.15,2022-09-23,2610.0,21.4
351,26107,華航七,等價,119.5,-2.85,120.0,120.0,119.0,22,442,52809000,119.6,119.5,131.45,107.55,2022-09-26,2610.0,20.4
352,26107,華航七,等價,117.95,-1.55,118.0,119.0,115.7,62,411,48221250,117.32,117.95,129.7,106.2,2022-09-27,2610.0,20.05
353,26107,華航七,等價,112.9,-5.05,115.0,115.2,112.8,64,435,49327400,113.39,112.9,124.15,101.65,2022-09-28,2610.0,18.6
354,26107,華航七,等價,115.35,2.45,114.3,116.0,114.3,21,248,28601650,115.32,115.35,126.85,103.85,2022-09-29,2610.0,19.5
355,26107,華航七,等價,115.5,0.15,114.0,115.5,114.0,6,28,3223250,115.11,115.5,127.05,103.95,2022-09-30,2610.0,19.65
356,26107,華航七,等價,115.0,-0.5,115.75,115.75,115.0,5,17,1958750,115.22,115.0,126.5,103.5,2022-10-03,2610.0,19.65
357,26107,華航七,等價,115.0,0.0,116.0,116.0,115.0,9,126,14497500,115.05,115.0,126.5,103.5,2022-10-04,2610.0,19.75
358,26107,華航七,等價,115.0,0.0,115.2,115.25,115.0,10,112,12882300,115.02,115.0,126.5,103.5,2022-10-05,2610.0,19.85
359,26107,華航七,等價,115.2,0.2,115.2,115.2,115.0,8,229,26380100,115.19,115.2,126.7,103.7,2022-10-06,2610.0,20.1
360,26107,華航七,等價,116.0,0.8,115.5,116.5,115.5,10,39,4527900,116.1,116.0,127.6,104.4,2022-10-07,2610.0,20.35
361,26107,華航七,等價,114.9,-1.1,114.0,114.9,114.0,4,216,24804900,114.83,114.9,126.35,103.45,2022-10-11,2610.0,19.5
362,26107,華航七,等價,113.9,-1.0,112.0,113.9,112.0,10,190,21623000,113.8,113.9,125.25,102.55,2022-10-12,2610.0,19.35
363,26107,華航七,等價,105.8,-8.1,112.0,112.0,105.0,79,555,58850750,106.03,105.8,116.35,95.25,2022-10-13,2610.0,17.45
364,26107,華航七,等價,106.5,0.7,107.05,107.05,106.0,50,131,13928000,106.42,106.5,117.15,95.85,2022-10-14,2610.0,16.9
365,26107,華航七,等價,107.05,0.55,104.5,107.05,104.0,40,505,53559700,106.05,107.05,117.75,96.35,2022-10-17,2610.0,17.15
366,26107,華航七,等價,107.5,0.45,107.05,107.5,107.0,11,41,4388800,107.04,107.5,118.25,96.75,2022-10-18,2610.0,17.25
367,26107,華航七,等價,107.15,-0.35,107.2,107.2,107.15,3,353,37824050,107.15,107.15,117.85,96.45,2022-10-19,2610.0,17.05
368,26107,華航七,等價,106.35,-0.8,106.0,106.35,105.55,42,208,22046100,105.99,106.35,116.95,95.75,2022-10-20,2610.0,16.8
369,26107,華航七,等價,106.05,-0.3,108.5,108.5,106.05,3,3,322000,107.33,106.05,116.65,95.45,2022-10-21,2610.0,16.55
370,26107,華航七,等價,107.0,0.95,106.1,107.0,106.0,7,44,4669350,106.12,107.0,117.7,96.3,2022-10-24,2610.0,17.0
371,26107,華航七,等價,106.8,-0.2,106.8,106.8,106.8,1,420,44856000,106.8,106.8,117.45,96.15,2022-10-25,2610.0,16.75
372,26107,華航七,等價,106.0,-0.8,106.0,106.0,106.0,1,1,106000,106.0,106.0,116.6,95.4,2022-10-26,2610.0,16.7
373,26107,華航七,等價,106.5,0.5,106.45,106.5,106.45,6,436,46433500,106.49,106.5,117.15,95.85,2022-10-27,2610.0,17.2
374,26107,華航七,等價,107.0,0.5,106.6,107.0,106.6,3,16,1710000,106.87,107.0,117.7,96.3,2022-10-28,2610.0,16.95
375,26107,華航七,等價,107.35,0.35,107.0,107.35,106.5,8,433,46477850,107.33,107.35,118.05,96.65,2022-10-31,2610.0,16.95
376,26107,華航七,等價,107.2,-0.15,107.3,107.3,107.0,12,40,4281800,107.04,107.2,117.9,96.5,2022-11-01,2610.0,17.0
377,26107,華航七,等價,106.8,-0.4,106.1,106.9,106.0,8,444,47432400,106.82,106.8,117.45,96.15,2022-11-02,2610.0,16.9
378,26107,華航七,等價,106.5,-0.3,106.0,106.5,106.0,4,12,1272500,106.04,106.5,117.15,95.85,2022-11-03,2610.0,16.75
379,26107,華航七,等價,109.45,2.95,107.0,109.45,107.0,16,316,34487700,109.13,109.45,120.35,98.55,2022-11-04,2610.0,17.7
380,26107,華航七,等價,107.9,-1.55,109.0,109.0,107.5,11,103,11112450,107.88,107.9,118.65,97.15,2022-11-07,2610.0,17.3
381,26107,華航七,等價,108.3,0.4,104.05,110.0,104.05,70,369,39059550,105.85,108.3,119.1,97.5,2022-11-08,2610.0,17.6
382,26107,華航七,等價,107.15,-1.15,108.35,108.35,107.0,35,81,8672000,107.06,107.15,117.85,96.45,2022-11-09,2610.0,17.7
383,26107,華航七,等價,106.8,-0.35,106.6,107.45,106.25,16,39,4160600,106.68,106.8,117.45,96.15,2022-11-10,2610.0,17.25
384,26107,華航七,等價,107.0,0.2,108.0,108.0,107.0,6,348,37240700,107.01,107.0,117.7,96.3,2022-11-11,2610.0,17.3
385,26107,華航七,等價,107.9,0.9,107.4,107.9,107.0,4,4,429300,107.32,107.9,118.65,97.15,2022-11-14,2610.0,17.7
386,26107,華航七,等價,107.5,-0.4,107.2,107.9,107.2,8,13,1394850,107.29,107.5,118.25,96.75,2022-11-15,2610.0,17.7
387,26107,華航七,等價,106.5,-1.0,107.0,107.0,106.5,18,68,7251200,106.63,106.5,117.15,95.85,2022-11-16,2610.0,17.35
388,26107,華航七,等價,106.45,-0.05,106.4,106.45,106.4,10,458,48753250,106.44,106.45,117.05,95.85,2022-11-17,2610.0,17.3
389,26107,華航七,等價,106.95,0.5,106.85,107.8,106.5,18,61,6511300,106.74,106.95,117.6,96.3,2022-11-18,2610.0,17.2
390,26107,華航七,等價,106.4,-0.55,106.5,106.75,106.3,23,512,54483650,106.41,106.4,117.0,95.8,2022-11-21,2610.0,16.95
391,26107,華航七,等價,106.9,0.5,106.55,106.95,106.55,25,73,7797550,106.81,106.9,117.55,96.25,2022-11-22,2610.0,16.95
392,26107,華航七,等價,107.3,0.4,107.0,107.3,107.0,6,310,33261500,107.29,107.3,118.0,96.6,2022-11-23,2610.0,17.2
393,26107,華航七,等價,107.5,0.2,107.8,107.8,107.5,8,35,3763100,107.51,107.5,118.25,96.75,2022-11-24,2610.0,17.35
394,26107,華航七,等價,107.8,0.3,107.55,108.0,107.55,15,337,36327750,107.79,107.8,118.55,97.05,2022-11-25,2610.0,17.35
395,26107,華航七,等價,107.8,0.0,108.0,108.4,107.8,4,13,1404900,108.06,107.8,118.55,97.05,2022-11-28,2610.0,17.25
396,26107,華航七,等價,110.4,2.6,108.0,110.4,108.0,38,97,10618200,109.46,110.4,121.4,99.4,2022-11-29,2610.0,18.15
397,26107,華航七,等價,109.8,-0.6,110.0,110.0,108.65,15,337,36993450,109.77,109.8,120.75,98.85,2022-11-30,2610.0,18.1
398,26107,華航七,等價,110.25,0.45,110.5,110.75,110.0,60,252,27818050,110.38,110.25,121.25,99.25,2022-12-01,2610.0,18.0
399,26107,華航七,等價,110.05,-0.2,110.25,110.25,108.5,17,470,51728250,110.06,110.05,121.05,99.05,2022-12-02,2610.0,17.9
400,26107,華航七,等價,115.45,5.4,111.5,115.5,110.1,94,513,58632700,114.29,115.45,126.95,103.95,2022-12-05,2610.0,18.9
401,26107,華航七,等價,113.15,-2.3,115.9,116.45,113.0,42,460,52208700,113.49,113.15,124.45,101.85,2022-12-06,2610.0,18.95
402,26107,華航七,等價,115.15,2.0,115.2,115.2,113.5,37,116,13251100,114.23,115.15,126.65,103.65,2022-12-07,2610.0,19.3
403,26107,華航七,等價,114.9,-0.25,115.15,115.15,114.2,14,450,51698100,114.88,114.9,126.35,103.45,2022-12-08,2610.0,19.3
404,26107,華航七,等價,115.8,0.9,115.8,116.5,115.1,24,78,9045350,115.96,115.8,127.35,104.25,2022-12-09,2610.0,19.65
405,26107,華航七,等價,114.1,-1.7,113.0,115.5,113.0,5,426,48605350,114.09,114.1,125.5,102.7,2022-12-12,2610.0,19.3
406,26107,華航七,等價,114.1,0.0,114.1,114.1,114.1,5,15,1711500,114.1,114.1,125.5,102.7,2022-12-13,2610.0,19.1
407,26107,華航七,等價,114.0,-0.1,113.8,114.0,113.8,7,430,49019600,113.99,114.0,125.4,102.6,2022-12-14,2610.0,19.25
408,26107,華航七,等價,114.5,0.5,114.65,114.65,112.2,5,6,681400,113.56,114.5,125.95,103.05,2022-12-15,2610.0,19.6
409,26107,華航七,等價,114.5,0.0,114.5,114.5,114.5,2,103,11793500,114.5,114.5,125.95,103.05,2022-12-16,2610.0,19.3
410,26107,華航七,等價,113.15,-1.35,113.25,113.4,113.1,11,351,39715800,113.15,113.15,124.45,101.85,2022-12-19,2610.0,18.9
411,26107,華航七,等價,110.55,-2.6,113.0,113.0,110.05,13,101,11166050,110.55,110.55,121.6,99.5,2022-12-20,2610.0,18.15
412,26107,華航七,等價,112.65,2.1,110.7,113.1,110.7,15,42,4721950,112.42,112.65,123.9,101.4,2022-12-21,2610.0,18.75
413,26107,華航七,等價,113.6,0.95,113.0,114.95,113.0,9,14,1595100,113.93,113.6,124.95,102.25,2022-12-22,2610.0,19.3
414,26107,華航七,等價,114.0,0.4,114.0,114.0,114.0,1,250,28500000,114.0,114.0,125.4,102.6,2022-12-23,2610.0,19.0
415,26107,華航七,等價,114.5,0.5,114.5,114.5,114.5,1,2,229000,114.5,114.5,125.95,103.05,2022-12-26,2610.0,19.1
416,26107,華航七,等價,114.3,-0.2,115.85,117.0,113.6,29,61,7067800,115.86,114.3,125.7,102.9,2022-12-27,2610.0,19.35
417,26107,華航七,等價,113.0,-1.3,115.7,115.7,113.0,4,6,683550,113.92,113.0,124.3,101.7,2022-12-28,2610.0,19.1
418,26107,華航七,等價,112.05,-0.95,112.7,112.7,112.05,2,6,672950,112.15,112.05,123.25,100.85,2022-12-29,2610.0,19.0
419,26107,華航七,等價,113.0,0.95,114.9,114.9,113.0,4,11,1251850,113.8,113.0,124.3,101.7,2022-12-30,2610.0,19.0
420,26107,華航七,等價,112.75,-0.25,112.75,112.75,112.75,1,1,112750,112.75,112.75,124.0,101.5,2023-01-03,2610.0,18.9
421,26107,華航七,等價,112.75,0.0,112.75,112.75,112.75,3,7,789250,112.75,112.75,124.0,101.5,2023-01-04,2610.0,18.8
422,26107,華航七,等價,112.25,-0.5,112.75,112.75,110.5,9,67,7501100,111.95,112.25,123.45,101.05,2023-01-05,2610.0,18.65
423,26107,華航七,等價,112.0,-0.25,113.4,113.4,111.5,9,60,6707100,111.78,112.0,123.2,100.8,2023-01-06,2610.0,18.95
424,26107,華航七,等價,112.85,0.85,113.5,113.5,112.0,7,20,2247150,112.35,112.85,124.1,101.6,2023-01-09,2610.0,19.0
425,26107,華航七,等價,112.9,0.05,112.9,112.9,112.9,1,1,112900,112.9,112.9,124.15,101.65,2023-01-10,2610.0,19.1
426,26107,華航七,等價,112.8,-0.1,112.3,114.4,112.3,10,21,2384450,113.54,112.8,124.05,101.55,2023-01-11,2610.0,19.15
427,26107,華航七,等價,112.75,-0.05,114.7,114.7,112.0,11,33,3715750,112.59,112.75,124.0,101.5,2023-01-12,2610.0,19.05
428,26107,華航七,等價,112.7,-0.05,112.6,112.7,112.6,11,227,25579050,112.68,112.7,123.95,101.45,2023-01-13,2610.0,19.15
429,26107,華航七,等價,112.4,-0.3,110.55,112.4,110.55,6,209,23479000,112.33,112.4,123.6,101.2,2023-01-16,2610.0,19.05
430,26107,華航七,等價,112.25,-0.15,112.25,112.25,112.25,1,5,561250,112.25,112.25,123.45,101.05,2023-01-17,2610.0,18.95
431,26107,華航七,等價,0.0,0.0,0.0,0.0,0.0,0,0,0,112.25,112.25,123.45,101.05,,,
432,26107,華航七,等價,0.0,0.0,0.0,0.0,0.0,0,0,0,112.25,112.25,123.45,101.05,,,
433,26107,華航七,等價,113.25,1.0,113.0,113.25,113.0,3,4,452650,113.24,113.25,124.55,101.95,2023-01-30,2610.0,19.35
434,26107,華航七,等價,113.45,0.2,113.5,113.5,113.2,7,145,16449600,113.44,113.45,124.75,102.15,2023-01-31,2610.0,19.4
435,26107,華航七,等價,115.0,1.55,115.5,116.0,114.8,22,229,26374200,115.17,115.0,126.5,103.5,2023-02-01,2610.0,19.75
436,26107,華航七,等價,115.0,0.0,112.2,115.0,112.2,9,147,16892850,114.91,115.0,126.5,103.5,2023-02-02,2610.0,19.85
437,26107,華航七,等價,114.05,-0.95,116.0,116.0,114.05,10,71,8147600,114.75,114.05,125.45,102.65,2023-02-03,2610.0,19.6
438,26107,華航七,等價,114.4,0.35,114.4,114.4,114.4,2,3,343200,114.4,114.4,125.8,103.0,2023-02-06,2610.0,19.6
439,26107,華航七,等價,114.0,-0.4,114.4,114.4,114.0,14,250,28506000,114.01,114.0,125.4,102.6,2023-02-07,2610.0,19.3
440,26107,華航七,等價,114.75,0.75,114.05,115.0,114.05,7,140,16064800,114.74,114.75,126.2,103.3,2023-02-08,2610.0,19.25
441,26107,華航七,等價,114.1,-0.65,114.1,114.1,114.1,4,155,17685500,114.1,114.1,125.5,102.7,2023-02-09,2610.0,19.2
442,26107,華航七,等價,113.0,-1.1,113.5,113.5,113.0,9,254,28715300,113.05,113.0,124.3,101.7,2023-02-10,2610.0,18.85
443,26107,華航七,等價,113.3,0.3,112.5,113.3,112.5,6,254,28776800,113.29,113.3,124.6,102.0,2023-02-13,2610.0,18.9
444,26107,華航七,等價,114.8,1.5,114.0,114.9,114.0,11,147,16857600,114.67,114.8,126.25,103.35,2023-02-14,2610.0,19.55
445,26107,華航七,等價,114.4,-0.4,115.1,115.1,114.4,9,23,2642050,114.87,114.4,125.8,103.0,2023-02-15,2610.0,19.5
446,26107,華航七,等價,119.0,4.6,115.5,120.0,115.5,156,962,114125500,118.63,119.0,130.9,107.1,2023-02-16,2610.0,21.0
447,26107,華航七,等價,119.0,0.0,120.5,120.5,118.0,43,86,10237700,119.04,119.0,130.9,107.1,2023-02-17,2610.0,21.0
448,26107,華航七,等價,119.6,0.6,119.5,122.5,119.5,49,412,49425850,119.96,119.6,131.55,107.65,2023-02-20,2610.0,21.3
449,26107,華航七,等價,118.8,-0.8,118.5,118.8,118.2,63,392,46496800,118.61,118.8,130.65,106.95,2023-02-21,2610.0,20.8
450,26107,華航七,等價,117.05,-1.75,116.6,117.4,116.6,8,310,36283300,117.04,117.05,128.75,105.35,2023-02-22,2610.0,20.5
451,26107,華航七,等價,118.2,1.15,118.8,118.9,117.6,21,258,30501750,118.22,118.2,130.0,106.4,2023-02-23,2610.0,20.5
452,26107,華航七,等價,117.5,-0.7,117.55,117.55,117.35,10,321,37717250,117.49,117.5,129.25,105.75,2023-02-24,2610.0,20.3
453,26107,華航七,等價,116.05,-1.45,116.1,116.1,115.85,27,336,38986800,116.03,116.05,127.65,104.45,2023-03-01,2610.0,20.1
454,26107,華航七,等價,116.95,0.9,116.05,117.0,116.05,9,582,67937950,116.73,116.95,128.6,105.3,2023-03-02,2610.0,20.3
455,26107,華航七,等價,117.0,0.05,117.0,117.0,117.0,5,217,25389000,117.0,117.0,128.7,105.3,2023-03-03,2610.0,20.3
456,26107,華航七,等價,116.9,-0.1,117.0,117.0,116.5,7,166,19397500,116.85,116.9,128.55,105.25,2023-03-06,2610.0,20.3
457,26107,華航七,等價,116.5,-0.4,116.5,116.65,116.4,14,269,31338300,116.49,116.5,128.15,104.85,2023-03-07,2610.0,20.3
458,26107,華航七,等價,115.85,-0.65,116.0,116.1,115.5,28,434,50274000,115.83,115.85,127.4,104.3,2023-03-08,2610.0,20.25
459,26107,華航七,等價,117.95,2.1,115.85,118.0,115.5,36,376,44191950,117.53,117.95,129.7,106.2,2023-03-09,2610.0,20.9
460,26107,華航七,等價,115.95,-2.0,116.0,116.05,115.3,44,126,14562850,115.57,115.95,127.5,104.4,2023-03-10,2610.0,20.05
461,26107,華航七,等價,114.55,-1.4,114.0,115.0,113.45,19,63,7174500,113.88,114.55,126.0,103.1,2023-03-13,2610.0,19.95
462,26107,華航七,等價,113.1,-1.45,113.9,114.0,113.0,36,473,53523000,113.15,113.1,124.4,101.8,2023-03-14,2610.0,19.2
463,26107,華航七,等價,113.2,0.1,115.4,115.4,113.2,4,10,1140100,114.01,113.2,124.5,101.9,2023-03-15,2610.0,19.4
464,26107,華航七,等價,112.6,-0.6,112.5,112.6,112.5,9,522,58776400,112.59,112.6,123.85,101.35,2023-03-16,2610.0,19.0
465,26107,華航七,等價,112.05,-0.55,112.95,112.95,112.05,10,20,2251000,112.55,112.05,123.25,100.85,2023-03-17,2610.0,19.0
466,26107,華航七,等價,112.0,-0.05,112.0,112.0,112.0,15,68,7616000,112.0,112.0,123.2,100.8,2023-03-20,2610.0,19.25
467,26107,華航七,等價,111.8,-0.2,111.5,111.8,111.5,3,12,1338600,111.55,111.8,122.95,100.65,2023-03-21,2610.0,19.1
468,26107,華航七,等價,111.5,-0.3,113.7,113.7,111.5,15,196,21871200,111.58,111.5,122.65,100.35,2023-03-22,2610.0,19.25
469,26107,華航七,等價,111.5,0.0,111.5,111.5,111.5,2,5,557500,111.5,111.5,122.65,100.35,2023-03-23,2610.0,19.3
470,26107,華航七,等價,110.6,-0.9,111.0,111.0,109.5,14,38,4196300,110.42,110.6,121.65,99.55,2023-03-24,2610.0,19.3
471,26107,華航七,等價,110.5,-0.1,110.5,110.6,110.2,15,57,6297100,110.47,110.5,121.55,99.45,2023-03-27,2610.0,19.15
472,26107,華航七,等價,111.05,0.55,111.0,111.45,111.0,20,24,2667750,111.15,111.05,122.15,99.95,2023-03-28,2610.0,19.25
473,26107,華航七,等價,112.6,1.55,112.8,113.0,112.55,24,59,6654400,112.78,112.6,123.85,101.35,2023-03-29,2610.0,19.7
474,26107,華航七,等價,113.35,0.75,112.3,113.35,111.8,13,21,2351850,111.99,113.35,124.65,102.05,2023-03-30,2610.0,19.5
475,26107,華航七,等價,113.35,0.0,112.0,113.35,112.0,8,16,1804700,112.79,113.35,124.65,102.05,2023-03-31,2610.0,19.5
476,26107,華航七,等價,112.5,-0.85,113.0,113.3,112.5,6,20,2258700,112.93,112.5,123.75,101.25,2023-04-06,2610.0,19.25
477,26107,華航七,等價,112.5,0.0,112.5,112.5,112.5,4,4,450000,112.5,112.5,123.75,101.25,2023-04-07,2610.0,19.35
478,26107,華航七,等價,112.0,-0.5,112.5,112.5,112.0,6,36,4042500,112.29,112.0,123.2,100.8,2023-04-10,2610.0,19.3
479,26107,華航七,等價,111.0,-1.0,112.2,112.2,111.0,11,89,9978500,112.11,111.0,122.1,99.9,2023-04-11,2610.0,19.4
480,26107,華航七,等價,111.65,0.65,111.5,111.65,111.5,5,5,557800,111.56,111.65,122.8,100.5,2023-04-12,2610.0,19.35
481,26107,華航七,等價,114.0,2.35,113.9,115.0,113.9,14,29,3319000,114.44,114.0,125.4,102.6,2023-04-13,2610.0,19.8
482,26107,華航七,等價,0.0,0.0,0.0,0.0,0.0,0,0,0,114.44,114.0,125.4,102.6,2023-04-14,2610.0,19.8
483,26107,華航七,等價,113.9,-0.1,113.1,113.9,113.0,8,30,3396600,113.22,113.9,125.25,102.55,2023-04-17,2610.0,19.5
484,26107,華航七,等價,114.0,0.1,114.4,114.5,114.0,5,11,1257500,114.31,114.0,125.4,102.6,2023-04-18,2610.0,19.3
485,26107,華航七,等價,113.55,-0.45,113.85,113.85,113.4,7,20,2273500,113.67,113.55,124.9,102.2,2023-04-19,2610.0,19.3
486,26107,華航七,等價,113.1,-0.45,113.2,113.5,113.1,19,40,4530750,113.26,113.1,124.4,101.8,2023-04-20,2610.0,19.25
487,26107,華航七,等價,112.5,-0.6,112.5,112.5,112.5,1,1,112500,112.5,112.5,123.75,101.25,2023-04-21,2610.0,19.1
488,26107,華航七,等價,112.5,0.0,112.5,112.5,112.5,1,3,337500,112.5,112.5,123.75,101.25,2023-04-24,2610.0,19.15
489,26107,華航七,等價,112.0,-0.5,112.2,112.2,112.0,4,27,3026000,112.07,112.0,123.2,100.8,2023-04-25,2610.0,18.8
490,26107,華航七,等價,111.35,-0.65,111.0,111.5,111.0,7,38,4224750,111.17,111.35,122.45,100.25,2023-04-26,2610.0,18.5
491,26107,華航七,等價,112.5,1.15,112.4,113.95,112.4,66,332,37566150,113.15,112.5,123.75,101.25,2023-04-27,2610.0,18.8
492,26107,華航七,等價,113.2,0.7,113.0,113.2,113.0,15,63,7124600,113.08,113.2,124.5,101.9,2023-04-28,2610.0,19.0
493,26107,華航七,等價,113.0,-0.2,113.0,113.0,113.0,1,5,565000,113.0,113.0,124.3,101.7,2023-05-02,2610.0,19.0
494,26107,華航七,等價,112.5,-0.5,112.5,112.5,112.5,1,1,112500,112.5,112.5,123.75,101.25,2023-05-03,2610.0,18.95
495,26107,華航七,等價,112.85,0.35,112.85,112.9,112.8,8,33,3724100,112.85,112.85,124.1,101.6,2023-05-04,2610.0,18.95
496,26107,華航七,等價,112.8,-0.05,114.4,114.4,112.7,14,70,7904300,112.91,112.8,124.05,101.55,2023-05-05,2610.0,18.9
497,26107,華航七,等價,113.35,0.55,113.35,113.35,113.35,1,7,793450,113.35,113.35,124.65,102.05,2023-05-08,2610.0,19.0
498,26107,華航七,等價,112.6,-0.75,113.5,113.5,112.6,4,14,1586350,113.31,112.6,123.85,101.35,2023-05-09,2610.0,19.2
499,26107,華航七,等價,114.3,1.7,114.5,114.9,113.5,16,22,2509700,114.07,114.3,125.7,102.9,2023-05-10,2610.0,19.5
500,26107,華航七,等價,112.5,-1.8,113.0,113.0,112.5,11,24,2703800,112.65,112.5,123.75,101.25,2023-05-11,2610.0,18.85
501,26107,華航七,等價,112.4,-0.1,112.4,112.4,112.4,1,1,112400,112.4,112.4,123.6,101.2,2023-05-12,2610.0,19.0
502,26107,華航七,等價,111.6,-0.8,110.5,111.6,110.5,7,12,1327750,110.64,111.6,122.75,100.45,2023-05-15,2610.0,18.9
503,26107,華航七,等價,113.5,1.9,113.5,113.5,113.5,1,7,794500,113.5,113.5,124.85,102.15,2023-05-16,2610.0,19.1
504,26107,華航七,等價,113.5,0.0,113.5,113.5,113.5,5,75,8512500,113.5,113.5,124.85,102.15,2023-05-17,2610.0,19.2
505,26107,華航七,等價,113.5,0.0,113.7,114.0,113.5,6,275,31267300,113.69,113.5,124.85,102.15,2023-05-18,2610.0,19.4
506,26107,華航七,等價,115.0,1.5,114.0,117.0,114.0,81,322,37090600,115.18,115.0,126.5,103.5,2023-05-19,2610.0,20.0
507,26107,華航七,等價,117.6,2.6,113.6,117.7,113.6,51,80,9306000,116.32,117.6,129.35,105.85,2023-05-22,2610.0,20.55
508,26107,華航七,等價,117.0,-0.6,118.0,119.0,117.0,29,56,6590550,117.68,117.0,128.7,105.3,2023-05-23,2610.0,20.35
509,26107,華航七,等價,118.7,1.7,118.0,119.5,118.0,30,105,12456050,118.62,118.7,130.55,106.85,2023-05-24,2610.0,20.7
510,26107,華航七,等價,118.7,0.0,118.25,119.2,118.25,33,81,9630450,118.89,118.7,130.55,106.85,2023-05-25,2610.0,20.8
511,26107,華航七,等價,118.8,0.1,120.0,121.0,118.8,34,79,9449150,119.6,118.8,130.65,106.95,2023-05-26,2610.0,20.85
512,26107,華航七,等價,120.95,2.15,119.95,121.0,119.95,66,138,16640450,120.58,120.95,133.0,108.9,2023-05-29,2610.0,21.65
513,26107,華航七,等價,121.05,0.1,122.0,124.5,120.8,87,195,23846000,122.28,121.05,133.15,108.95,2023-05-30,2610.0,21.8
514,26107,華航七,等價,123.0,1.95,122.35,123.3,121.5,40,141,17269300,122.47,123.0,135.3,110.7,2023-05-31,2610.0,22.2
515,26107,華航七,等價,126.5,3.5,122.5,126.5,122.5,85,245,30727100,125.41,126.5,139.15,113.85,2023-06-01,2610.0,23.15
516,26107,華航七,等價,126.25,-0.25,127.0,128.0,125.0,75,446,56627400,126.96,126.25,138.85,113.65,2023-06-02,2610.0,23.05
517,26107,華航七,等價,122.65,-3.6,124.1,125.0,122.65,52,164,20284500,123.68,122.65,134.9,110.4,2023-06-05,2610.0,22.6
518,26107,華航七,等價,124.0,1.35,123.55,125.0,123.55,24,80,9925750,124.07,124.0,136.4,111.6,2023-06-06,2610.0,22.75
519,26107,華航七,等價,123.8,-0.2,124.0,124.05,123.8,19,50,6196800,123.93,123.8,136.15,111.45,2023-06-07,2610.0,22.6
520,26107,華航七,等價,124.0,0.2,123.75,125.0,123.75,21,53,6607650,124.67,124.0,136.4,111.6,2023-06-08,2610.0,22.65
521,26107,華航七,等價,123.6,-0.4,124.0,124.0,123.5,29,57,7052700,123.73,123.6,135.95,111.25,2023-06-09,2610.0,22.7
522,26107,華航七,等價,123.0,-0.6,123.0,123.0,123.0,2,2,246000,123.0,123.0,135.3,110.7,2023-06-12,2610.0,22.35
523,26107,華航七,等價,124.5,1.5,123.95,124.5,123.95,52,168,20894100,124.36,124.5,136.95,112.05,2023-06-13,2610.0,22.75
524,26107,華航七,等價,134.85,10.35,126.05,135.0,126.05,253,797,104060000,130.24,134.85,148.3,121.4,2023-06-14,2610.0,24.8
525,26107,華航七,等價,147.5,12.65,136.4,147.5,136.4,533,1578,226675950,143.57,147.5,162.0,132.75,2023-06-15,2610.0,27.25
526,26107,華航七,等價,147.8,0.3,149.5,153.0,147.0,313,1249,187089750,149.74,147.8,162.0,133.05,2023-06-16,2610.0,27.6
527,26107,華航七,等價,150.0,2.2,148.5,153.0,148.5,146,346,52183600,150.87,150.0,165.0,135.0,2023-06-19,2610.0,27.9
528,26107,華航七,等價,148.0,-2.0,151.0,153.0,147.05,52,95,14146650,148.91,148.0,162.0,133.2,2023-06-20,2610.0,27.55
529,26107,華航七,等價,150.0,2.0,149.0,151.0,148.5,67,143,21403950,149.71,150.0,165.0,135.0,2023-06-21,2610.0,27.9
530,26107,華航七,等價,150.0,0.0,151.0,151.0,148.3,71,345,51672600,149.77,150.0,165.0,135.0,2023-06-26,2610.0,27.8
531,26107,華航七,等價,141.3,-8.7,145.5,145.5,140.2,125,251,35910400,143.1,141.3,155.0,127.2,2023-06-27,2610.0,26.05
532,26107,華航七,等價,147.1,5.8,145.0,147.1,144.05,86,189,27485850,145.43,147.1,161.0,132.4,2023-06-28,2610.0,27.0
533,26107,華航七,等價,144.0,-3.1,146.0,146.0,143.0,21,242,34742850,143.55,144.0,158.0,129.6,2023-06-29,2610.0,26.5
534,26107,華航七,等價,142.55,-1.45,143.5,143.5,141.75,18,38,5409350,142.35,142.55,156.0,128.3,2023-06-30,2610.0,26.2
535,26107,華航七,等價,143.5,0.95,143.0,144.5,143.0,21,62,8890600,143.39,143.5,157.0,129.15,2023-07-03,2610.0,26.25
536,26107,華航七,等價,143.95,0.45,143.0,144.5,142.05,14,23,3294000,143.21,143.95,158.0,129.6,2023-07-04,2610.0,26.45
537,26107,華航七,等價,143.25,-0.7,144.0,148.0,143.25,47,90,13056200,145.06,143.25,157.0,128.95,2023-07-05,2610.0,26.35
538,26107,華航七,等價,141.95,-1.3,142.7,142.7,141.45,24,286,40780350,142.58,141.95,156.0,127.8,2023-07-06,2610.0,26.15
539,26107,華航七,等價,142.7,0.75,142.0,143.0,142.0,24,44,6263200,142.34,142.7,156.0,128.45,2023-07-07,2610.0,26.25
540,26107,華航七,等價,143.9,1.2,143.15,145.0,143.15,45,116,16675800,143.75,143.9,158.0,129.55,2023-07-10,2610.0,26.0
541,26107,華航七,等價,149.3,5.4,150.0,151.0,146.5,170,462,68795850,148.9,149.3,164.0,134.4,2023-07-11,2610.0,27.05
542,26107,華航七,等價,150.0,0.7,151.0,153.0,150.0,144,470,71135000,151.35,150.0,165.0,135.0,2023-07-12,2610.0,27.3
543,26107,華航七,等價,147.4,-2.6,152.0,153.0,145.2,62,175,25997000,148.55,147.4,162.0,132.7,2023-07-13,2610.0,26.7
544,26107,華航七,等價,139.0,-8.4,147.4,148.05,138.5,106,239,33743900,141.18,139.0,152.0,125.1,2023-07-14,2610.0,25.05
545,26107,華航七,等價,139.5,0.5,139.0,139.5,137.5,17,55,7634150,138.8,139.5,153.0,125.55,2023-07-17,2610.0,25.1
546,26107,華航七,等價,139.35,-0.15,138.0,141.45,137.5,21,435,59927550,137.76,139.35,153.0,125.45,2023-07-18,2610.0,25.05
547,26107,華航七,等價,134.5,-4.85,138.0,138.0,133.0,47,102,13845500,135.74,134.5,147.95,121.05,2023-07-19,2610.0,24.5
548,26107,華航七,等價,142.9,8.4,138.0,142.95,138.0,67,503,71393950,141.93,142.9,157.0,128.65,2023-07-20,2610.0,25.85
549,26107,華航七,等價,141.5,-1.4,143.0,144.5,141.5,22,27,3876650,143.57,141.5,155.0,127.35,2023-07-21,2610.0,25.45
550,26107,華航七,等價,140.5,-1.0,141.5,141.5,140.3,14,387,54464600,140.73,140.5,154.0,126.45,2023-07-24,2610.0,25.3
551,26107,華航七,等價,139.4,-1.1,141.0,141.0,137.9,24,55,7680150,139.63,139.4,153.0,125.5,2023-07-25,2610.0,25.1
552,26107,華航七,等價,141.8,2.4,141.0,141.8,141.0,3,3,423800,141.26,141.8,155.0,127.65,2023-07-26,2610.0,25.15
553,26107,華航七,等價,144.0,2.2,142.0,144.5,139.95,48,91,12917750,141.95,144.0,158.0,129.6,2023-07-27,2610.0,25.95
554,26107,華航七,等價,140.9,-3.1,140.55,140.9,140.0,13,19,2663300,140.17,140.9,154.0,126.85,2023-07-28,2610.0,25.45
555,26107,華航七,等價,138.5,-2.4,138.95,139.8,138.5,38,138,19206950,139.18,138.5,152.0,124.65,2023-07-31,2610.0,24.95
556,26107,華航七,等價,140.5,2.0,139.2,141.0,139.2,12,30,4213150,140.43,140.5,154.0,126.45,2023-08-01,2610.0,25.4
557,26107,華航七,等價,139.0,-1.5,141.9,142.15,139.0,24,73,10275650,140.76,139.0,152.0,125.1,2023-08-02,2610.0,25.0
558,26107,華航七,等價,137.7,-1.3,138.9,140.0,137.7,7,10,1384450,138.44,137.7,151.0,123.95,2023-08-04,2610.0,24.95
559,26107,華航七,等價,134.5,-3.2,134.0,134.5,133.5,15,26,3478900,133.8,134.5,147.95,121.05,2023-08-07,2610.0,24.45
560,26107,華航七,等價,138.3,3.8,138.5,139.9,137.0,27,59,8172850,138.52,138.3,152.0,124.5,2023-08-08,2610.0,24.9
561,26107,華航七,等價,140.2,1.9,140.55,144.9,140.0,88,215,30447400,141.61,140.2,154.0,126.2,2023-08-09,2610.0,25.5
562,26107,華航七,等價,139.5,-0.7,138.0,141.05,137.1,29,66,9191650,139.26,139.5,153.0,125.55,2023-08-10,2610.0,25.15
563,26107,華航七,等價,140.2,0.7,135.0,143.0,135.0,65,135,18976250,140.56,140.2,154.0,126.2,2023-08-11,2610.0,25.3
564,26107,華航七,等價,134.8,-5.4,136.5,136.5,134.7,48,111,15010050,135.22,134.8,148.25,121.35,2023-08-14,2610.0,24.2
565,26107,華航七,等價,137.95,3.15,138.0,139.9,136.1,33,77,10560550,137.15,137.95,151.0,124.2,2023-08-15,2610.0,24.75
566,26107,華航七,等價,133.7,-4.25,134.3,135.05,133.7,16,30,4037650,134.58,133.7,147.05,120.35,2023-08-16,2610.0,24.1
567,26107,華航七,等價,134.1,0.4,130.7,134.1,130.7,19,34,4525500,133.1,134.1,147.5,120.7,2023-08-17,2610.0,24.1
568,26107,華航七,等價,130.65,-3.45,134.6,134.6,130.5,12,23,3024100,131.48,130.65,143.7,117.6,2023-08-18,2610.0,23.65
569,26107,華航七,等價,131.5,0.85,132.4,132.4,131.5,2,2,263900,131.95,131.5,144.65,118.35,2023-08-21,2610.0,23.4
570,26107,華航七,等價,131.55,0.05,132.75,132.75,131.5,12,17,2244750,132.04,131.55,144.7,118.4,2023-08-22,2610.0,23.7
571,26107,華航七,等價,130.5,-1.05,133.5,134.15,130.25,10,16,2104550,131.53,130.5,143.55,117.45,2023-08-23,2610.0,23.55
572,26107,華航七,等價,132.85,2.35,132.05,133.5,130.55,16,31,4083200,131.71,132.85,146.1,119.6,2023-08-24,2610.0,23.85
573,26107,華航七,等價,133.05,0.2,133.8,133.8,133.05,3,4,533600,133.4,133.05,146.35,119.75,2023-08-25,2610.0,23.75
574,26107,華航七,等價,129.3,-3.75,130.1,130.1,129.3,10,12,1553800,129.48,129.3,142.2,116.4,2023-08-28,2610.0,23.15
575,26107,華航七,等價,0.0,0.0,0.0,0.0,0.0,0,0,0,129.48,129.3,142.2,116.4,2023-08-29,2610.0,23.3
576,26107,華航七,等價,0.0,0.0,0.0,0.0,0.0,0,0,0,129.48,129.3,142.2,116.4,2023-08-30,2610.0,23.05
577,26107,華航七,等價,127.75,-1.55,129.25,129.3,126.7,7,10,1281450,128.14,127.75,140.5,115.0,2023-08-31,2610.0,22.6
578,26107,華航七,等價,130.0,2.25,130.0,130.0,127.75,13,41,5325150,129.88,130.0,143.0,117.0,2023-09-01,2610.0,22.95
579,26107,華航七,等價,130.5,0.5,127.0,130.5,127.0,14,19,2454850,129.2,130.5,143.55,117.45,2023-09-04,2610.0,23.1
580,26107,華航七,等價,129.0,-1.5,130.0,130.0,129.0,10,34,4392250,129.18,129.0,141.9,116.1,2023-09-05,2610.0,23.05
581,26107,華航七,等價,129.5,0.5,128.0,130.0,128.0,10,23,2960000,128.69,129.5,142.45,116.55,2023-09-06,2610.0,23.1
582,26107,華航七,等價,127.15,-2.35,127.15,127.15,127.15,1,1,127150,127.15,127.15,139.85,114.45,2023-09-07,2610.0,22.75
583,26107,華航七,等價,127.5,0.35,127.0,127.95,127.0,11,55,6988000,127.05,127.5,140.25,114.75,2023-09-08,2610.0,22.7
584,26107,華航七,等價,125.1,-2.4,128.0,128.0,125.0,10,25,3144000,125.76,125.1,137.6,112.6,2023-09-11,2610.0,22.25
585,26107,華航七,等價,126.5,1.4,126.5,127.0,126.5,25,73,9238900,126.56,126.5,139.15,113.85,2023-09-12,2610.0,22.65
586,26107,華航七,等價,127.0,0.5,125.5,127.0,125.5,8,16,2022000,126.37,127.0,139.7,114.3,2023-09-13,2610.0,22.8
587,26107,華航七,等價,127.5,0.5,127.0,127.5,127.0,17,85,10797700,127.03,127.5,140.25,114.75,2023-09-14,2610.0,22.85
588,26107,華航七,等價,125.5,-2.0,127.0,127.0,125.4,12,36,4530950,125.85,125.5,138.05,112.95,2023-09-15,2610.0,22.45
589,26107,華航七,等價,126.0,0.5,126.0,126.0,125.0,10,21,2639000,125.66,126.0,138.6,113.4,2023-09-18,2610.0,22.35
590,26107,華航七,等價,123.5,-2.5,123.6,123.6,122.7,36,133,16367950,123.06,123.5,135.85,111.15,2023-09-19,2610.0,22.2
591,26107,華航七,等價,123.6,0.1,123.5,123.6,123.15,21,82,10124450,123.46,123.6,135.95,111.25,2023-09-20,2610.0,22.15
592,26107,華航七,等價,122.0,-1.6,122.05,122.05,121.5,24,68,8279200,121.75,122.0,134.2,109.8,2023-09-21,2610.0,21.65
593,26107,華航七,等價,122.5,0.5,121.85,122.5,120.4,38,137,16646450,121.5,122.5,134.75,110.25,2023-09-22,2610.0,21.85
594,26107,華航七,等價,122.6,0.1,122.0,124.05,122.0,16,87,10644900,122.35,122.6,134.85,110.35,2023-09-25,2610.0,21.9
595,26107,華航七,等價,121.1,-1.5,121.5,121.5,121.1,17,58,7041000,121.39,121.1,133.2,109.0,2023-09-26,2610.0,21.6
596,26107,華航七,等價,122.0,0.9,121.1,123.0,121.1,32,173,21030650,121.56,122.0,134.2,109.8,2023-09-27,2610.0,21.7
597,26107,華航七,等價,121.0,-1.0,121.0,121.3,120.8,42,268,32429600,121.0,121.0,133.1,108.9,2023-09-28,2610.0,21.2
598,26107,華航七,等價,121.0,0.0,121.0,121.3,121.0,40,248,30009650,121.0,121.0,133.1,108.9,2023-10-02,2610.0,21.25
599,26107,華航七,等價,119.5,-1.5,120.45,120.45,119.0,13,112,13385450,119.51,119.5,131.45,107.55,2023-10-03,2610.0,20.9
600,26107,華航七,等價,118.2,-1.3,118.5,118.6,118.2,23,178,21084250,118.45,118.2,130.0,106.4,2023-10-04,2610.0,20.55
601,26107,華航七,等價,123.95,5.75,121.7,123.95,121.45,41,132,16158800,122.41,123.95,136.3,111.6,2023-10-05,2610.0,21.7
602,26107,華航七,等價,122.35,-1.6,121.0,122.35,121.0,3,9,1095350,121.7,122.35,134.55,110.15,2023-10-06,2610.0,21.4
603,26107,華航七,等價,0.0,0.0,0.0,0.0,0.0,0,0,0,121.7,119.4,131.3,107.5,2023-10-11,2610.0,20.8
604,26107,華航七,等價,121.4,2.0,122.0,122.0,120.7,7,17,2067850,121.63,121.4,133.5,109.3,2023-10-12,2610.0,21.25
605,26107,華航七,等價,120.0,-1.4,119.0,120.0,119.0,2,6,715000,119.16,120.0,132.0,108.0,2023-10-13,2610.0,20.9
606,26107,華航七,等價,117.8,-2.2,116.5,118.35,115.95,20,74,8618250,116.46,117.8,129.55,106.05,2023-10-16,2610.0,20.0
607,26107,華航七,等價,115.95,-1.85,116.8,116.85,115.7,12,38,4422600,116.38,115.95,127.5,104.4,2023-10-17,2610.0,19.7
608,26107,華航七,等價,115.0,-0.95,117.9,117.9,115.0,18,41,4740200,115.61,115.0,126.5,103.5,2023-10-18,2610.0,19.45
609,26107,華航七,等價,114.7,-0.3,114.0,115.0,114.0,23,86,9827400,114.27,114.7,126.15,103.25,2023-10-19,2610.0,19.25
610,26107,華航七,等價,114.25,-0.45,113.7,114.25,113.0,65,93,10563350,113.58,114.25,125.65,102.85,2023-10-20,2610.0,19.0
611,26107,華航七,等價,116.45,2.2,117.3,117.3,114.5,5,5,577250,115.45,116.45,128.05,104.85,2023-10-23,2610.0,19.1
612,26107,華航七,等價,116.0,-0.45,115.45,116.45,115.45,7,7,811800,115.97,116.0,127.6,104.4,2023-10-24,2610.0,19.4
613,26107,華航七,等價,116.0,0.0,116.0,116.5,116.0,12,52,6038400,116.12,116.0,127.6,104.4,2023-10-25,2610.0,19.35
614,26107,華航七,等價,116.0,0.0,116.0,116.05,115.5,5,10,1157550,115.75,116.0,127.6,104.4,2023-10-26,2610.0,19.15
615,26107,華航七,等價,118.5,2.5,117.0,118.5,117.0,5,24,2809800,117.07,118.5,130.35,106.65,2023-10-27,2610.0,19.65
616,26107,華航七,等價,116.5,-2.0,116.0,118.4,115.5,10,15,1740800,116.05,116.5,128.15,104.85,2023-10-30,2610.0,19.3
617,26107,華航七,等價,117.0,0.5,118.9,118.9,116.0,9,10,1167900,116.79,117.0,128.7,105.3,2023-10-31,2610.0,19.35
618,26107,華航七,等價,119.5,2.5,118.0,119.8,118.0,10,16,1910850,119.42,119.5,131.45,107.55,2023-11-01,2610.0,20.0
619,26107,華航七,等價,120.2,0.7,119.5,120.5,119.5,13,30,3605800,120.19,120.2,132.2,108.2,2023-11-02,2610.0,20.45
620,26107,華航七,等價,122.45,2.25,118.6,123.25,118.6,43,97,11845600,122.11,122.45,134.65,110.25,2023-11-03,2610.0,21.15
621,26107,華航七,等價,124.0,1.55,124.9,124.9,123.1,15,33,4083400,123.73,124.0,136.4,111.6,2023-11-06,2610.0,21.45
622,26107,華航七,等價,0.0,0.0,0.0,0.0,0.0,0,0,0,123.73,122.95,135.2,110.7,2023-11-07,2610.0,21.0
623,26107,華航七,等價,122.7,-0.25,122.0,122.9,122.0,13,175,21353900,122.02,122.7,134.95,110.45,2023-11-08,2610.0,21.15
624,26107,華航七,等價,122.0,-0.7,122.8,124.9,122.0,13,46,5628400,122.35,122.0,134.2,109.8,2023-11-09,2610.0,20.95
625,26107,華航七,等價,121.7,-0.3,118.8,122.8,118.8,10,13,1570150,120.78,121.7,133.85,109.55,2023-11-10,2610.0,20.8
626,26107,華航七,等價,121.5,-0.2,122.8,123.5,120.5,14,44,5361700,121.85,121.5,133.65,109.35,2023-11-13,2610.0,20.7
627,26107,華航七,等價,121.2,-0.3,121.0,121.2,120.0,8,14,1685000,120.35,121.2,133.3,109.1,2023-11-14,2610.0,20.7
628,26107,華航七,等價,122.0,0.8,121.5,122.0,121.5,9,21,2561050,121.95,122.0,134.2,109.8,2023-11-15,2610.0,21.1
629,26107,華航七,等價,125.45,3.45,124.0,125.45,124.0,46,86,10723600,124.69,125.45,137.95,112.95,2023-11-16,2610.0,21.9
630,26107,華航七,等價,125.0,-0.45,125.75,125.75,124.7,13,18,2250050,125.0,125.0,137.5,112.5,2023-11-17,2610.0,21.8
631,26107,華航七,等價,122.5,-2.5,121.0,123.0,119.6,7,13,1578100,121.39,122.5,134.75,110.25,2023-11-20,2610.0,21.25
632,26107,華航七,等價,124.75,2.25,124.8,124.8,123.0,8,12,1494600,124.55,124.75,137.2,112.3,2023-11-21,2610.0,21.65
633,26107,華航七,等價,124.1,-0.65,122.2,125.5,122.2,7,8,996000,124.5,124.1,136.5,111.7,2023-11-22,2610.0,21.45
634,26107,華航七,等價,126.0,1.9,125.8,126.1,125.6,10,18,2266850,125.93,126.0,138.6,113.4,2023-11-23,2610.0,21.85
635,26107,華航七,等價,123.5,-2.5,124.0,124.0,121.0,13,20,2464600,123.23,123.5,135.85,111.15,2023-11-24,2610.0,21.3
636,26107,華航七,等價,123.05,-0.45,120.2,123.05,120.2,5,9,1090300,121.14,123.05,135.35,110.75,2023-11-27,2610.0,21.0
637,26107,華航七,等價,124.65,1.6,123.5,124.65,123.3,7,13,1605100,123.46,124.65,137.1,112.2,2023-11-28,2610.0,21.4
638,26107,華航七,等價,122.45,-2.2,122.95,122.95,122.0,10,13,1591050,122.38,122.45,134.65,110.25,2023-11-29,2610.0,21.05
639,26107,華航七,等價,122.5,0.05,120.8,122.5,120.8,3,9,1089300,121.03,122.5,134.75,110.25,2023-11-30,2610.0,21.1
640,26107,華航七,等價,123.0,0.5,124.45,125.0,123.0,3,10,1247450,124.74,123.0,135.3,110.7,2023-12-01,2610.0,21.15
641,26107,華航七,等價,124.6,1.6,123.5,124.7,123.5,7,19,2351100,123.74,124.6,137.05,112.15,2023-12-04,2610.0,21.6
642,26107,華航七,等價,124.6,0.0,125.2,125.2,124.6,4,12,1498200,124.85,124.6,137.05,112.15,2023-12-05,2610.0,21.35
643,26107,華航七,等價,0.0,0.0,0.0,0.0,0.0,0,0,0,124.85,124.0,136.4,111.6,2023-12-06,2610.0,21.35
644,26107,華航七,等價,124.0,0.0,125.0,125.0,124.0,3,4,497000,124.25,124.0,136.4,111.6,2023-12-07,2610.0,21.55
645,26107,華航七,等價,123.6,-0.4,122.1,124.5,122.1,6,10,1232250,123.22,123.6,135.95,111.25,2023-12-08,2610.0,21.65
646,26107,華航七,等價,123.25,-0.35,125.5,125.5,123.25,6,37,4577250,123.7,123.25,135.55,110.95,2023-12-11,2610.0,21.7
647,26107,華航七,等價,122.95,-0.3,123.0,123.0,121.8,5,5,612500,122.5,122.95,135.2,110.7,2023-12-12,2610.0,21.55
648,26107,華航七,等價,122.2,-0.75,122.4,122.4,122.0,6,7,854800,122.11,122.2,134.4,110.0,2023-12-13,2610.0,21.35
649,26107,華航七,等價,121.8,-0.4,120.1,122.0,120.1,11,32,3889300,121.54,121.8,133.95,109.65,2023-12-14,2610.0,21.4
650,26107,華航七,等價,122.05,0.25,124.7,124.7,122.05,9,17,2099850,123.52,122.05,134.25,109.85,2023-12-15,2610.0,21.55
651,26107,華航七,等價,121.0,-1.05,121.0,121.0,120.6,7,8,966400,120.8,121.0,133.1,108.9,2023-12-18,2610.0,21.1
652,26107,華航七,等價,120.05,-0.95,120.4,120.4,120.05,7,10,1200900,120.09,120.05,132.05,108.05,2023-12-19,2610.0,20.7
653,26107,華航七,等價,122.45,2.4,118.8,122.45,118.8,10,15,1805600,120.37,122.45,134.65,110.25,2023-12-20,2610.0,21.05
654,26107,華航七,等價,122.0,-0.45,121.5,123.9,121.5,9,26,3185400,122.51,122.0,134.2,109.8,2023-12-21,2610.0,21.25
655,26107,華航七,等價,125.45,3.45,123.85,125.45,123.85,47,161,20053600,124.55,125.45,137.95,112.95,2023-12-22,2610.0,21.9
656,26107,華航七,等價,126.4,0.95,125.35,127.0,125.35,85,301,37884800,125.86,126.4,139.0,113.8,2023-12-25,2610.0,22.2
657,26107,華航七,等價,125.8,-0.6,126.4,126.4,125.3,54,140,17587100,125.62,125.8,138.35,113.25,2023-12-26,2610.0,21.9
658,26107,華航七,等價,126.2,0.4,125.6,128.7,125.45,52,196,24643500,125.73,126.2,138.8,113.6,2023-12-27,2610.0,21.7
659,26107,華航七,等價,125.6,-0.6,125.0,125.6,125.0,22,139,17403150,125.2,125.6,138.15,113.05,2023-12-28,2610.0,21.65
660,26107,華航七,等價,125.0,-0.6,123.7,125.5,122.5,21,330,41244300,124.98,125.0,137.5,112.5,2023-12-29,2610.0,21.65
661,26107,華航七,等價,127.05,2.05,128.4,128.4,126.1,79,336,42828350,127.46,127.05,139.75,114.35,2024-01-02,2610.0,22.35
662,26107,華航七,等價,125.7,-1.35,126.25,126.45,125.7,21,37,4663050,126.02,125.7,138.25,113.15,2024-01-03,2610.0,22.1
663,26107,華航七,等價,125.0,-0.7,125.5,126.0,124.0,75,87,10860800,124.83,125.0,137.5,112.5,2024-01-04,2610.0,22.1
664,26107,華航七,等價,124.1,-0.9,124.75,124.75,124.0,19,52,6470450,124.43,124.1,136.5,111.7,2024-01-05,2610.0,21.7
665,26107,華航七,等價,124.5,0.4,124.7,125.0,124.5,7,16,1995750,124.73,124.5,136.95,112.05,2024-01-08,2610.0,21.7
666,26107,華航七,等價,122.8,-1.7,123.5,123.5,122.0,13,23,2824000,122.78,122.8,135.05,110.55,2024-01-09,2610.0,21.25
667,26107,華航七,等價,0.0,0.0,0.0,0.0,0.0,0,0,0,122.78,122.55,134.8,110.3,2024-01-10,2610.0,20.85
668,26107,華航七,等價,122.1,-0.45,122.8,123.6,122.1,41,108,13212300,122.33,122.1,134.3,109.9,2024-01-11,2610.0,20.85
669,26107,華航七,等價,121.7,-0.4,122.5,122.7,121.7,27,122,14891350,122.06,121.7,133.85,109.55,2024-01-12,2610.0,21.1
670,26107,華航七,等價,120.0,-1.7,118.75,120.0,118.5,21,85,10144500,119.34,120.0,132.0,108.0,2024-01-15,2610.0,20.7
671,26107,華航七,等價,118.0,-2.0,119.0,119.0,118.0,23,42,4974900,118.45,118.0,129.8,106.2,2024-01-16,2610.0,20.3
672,26107,華航七,等價,117.5,-0.5,118.0,118.0,117.5,4,4,470650,117.66,117.5,129.25,105.75,2024-01-17,2610.0,20.0
673,26107,華航七,等價,118.0,0.5,118.0,118.0,117.5,75,284,33509500,117.99,118.0,129.8,106.2,2024-01-18,2610.0,20.3
674,26107,華航七,等價,117.95,-0.05,118.0,118.0,117.8,58,193,22753250,117.89,117.95,129.7,106.2,2024-01-19,2610.0,20.2
675,26107,華航七,等價,118.5,0.55,118.0,118.7,118.0,29,146,17251200,118.15,118.5,130.35,106.65,2024-01-22,2610.0,20.45
676,26107,華航七,等價,118.9,0.4,118.65,118.9,118.6,9,31,3678200,118.65,118.9,130.75,107.05,2024-01-23,2610.0,20.5
677,26107,華航七,等價,119.3,0.4,119.0,119.3,119.0,4,14,1667200,119.08,119.3,131.2,107.4,2024-01-24,2610.0,20.55
678,26107,華航七,等價,119.0,-0.3,119.5,119.5,118.1,9,21,2490400,118.59,119.0,130.9,107.1,2024-01-25,2610.0,20.5
679,26107,華航七,等價,118.95,-0.05,118.0,119.0,118.0,20,115,13593650,118.2,118.95,130.8,107.1,2024-01-26,2610.0,20.7
680,26107,華航七,等價,119.0,0.05,119.9,119.9,119.0,7,24,2857800,119.07,119.0,130.9,107.1,2024-01-29,2610.0,20.7
681,26107,華航七,等價,118.95,-0.05,119.55,119.55,118.95,2,2,238500,119.25,118.95,130.8,107.1,2024-01-30,2610.0,20.4
682,26107,華航七,等價,118.5,-0.45,118.5,118.5,118.5,2,30,3555000,118.5,118.5,130.35,106.65,2024-01-31,2610.0,20.4
683,26107,華航七,等價,118.5,0.0,118.8,118.8,117.0,4,13,1524300,117.25,118.5,130.35,106.65,2024-02-01,2610.0,20.55
684,26107,華航七,等價,0.0,0.0,0.0,0.0,0.0,0,0,0,117.25,118.45,130.25,106.65,2024-02-02,2610.0,20.45
685,26107,華航七,等價,118.4,-0.05,117.0,118.5,117.0,10,33,3895200,118.03,118.4,130.2,106.6,2024-02-05,2610.0,20.5
686,26107,華航七,等價,0.0,0.0,0.0,0.0,0.0,0,0,0,118.03,118.4,130.2,106.6,,,
687,26107,華航七,等價,0.0,0.0,0.0,0.0,0.0,0,0,0,118.03,118.4,130.2,106.6,,,
688,26107,華航七,等價,116.5,-1.9,116.0,116.5,115.0,18,69,8007450,116.05,116.5,128.15,104.85,2024-02-15,2610.0,20.0
689,26107,華航七,等價,117.4,0.9,117.9,117.9,116.8,15,36,4217250,117.14,117.4,129.1,105.7,2024-02-16,2610.0,20.25
690,26107,華航七,等價,117.0,-0.4,116.3,117.5,116.0,19,60,6972100,116.2,117.0,128.7,105.3,2024-02-19,2610.0,20.25
691,26107,華航七,等價,0.0,0.0,0.0,0.0,0.0,0,0,0,116.2,116.9,128.55,105.25,2024-02-20,2610.0,20.1
692,26107,華航七,等價,117.0,0.1,117.5,117.5,117.0,25,171,20009800,117.01,117.0,128.7,105.3,2024-02-21,2610.0,20.2
693,26107,華航七,等價,116.8,-0.2,116.8,116.8,116.8,6,31,3620800,116.8,116.8,128.45,105.15,2024-02-22,2610.0,20.0
694,26107,華航七,等價,116.5,-0.3,118.5,118.5,116.5,16,107,12500200,116.82,116.5,128.15,104.85,2024-02-23,2610.0,19.85
695,26107,華航七,等價,116.5,0.0,115.0,116.5,115.0,12,66,7654700,115.98,116.5,128.15,104.85,2024-02-26,2610.0,19.9
696,26107,華航七,等價,116.0,-0.5,116.0,116.05,116.0,15,33,3828100,116.0,116.0,127.6,104.4,2024-02-27,2610.0,19.75
697,26107,華航七,等價,117.0,1.0,117.4,117.4,116.25,21,36,4194550,116.51,117.0,128.7,105.3,2024-02-29,2610.0,20.0
698,26107,華航七,等價,116.0,-1.0,116.0,116.9,115.5,10,135,15659950,115.99,116.0,127.6,104.4,2024-03-01,2610.0,19.8
699,26107,華航七,等價,116.0,0.0,115.05,116.0,115.0,20,110,12703500,115.48,116.0,127.6,104.4,2024-03-04,2610.0,19.7
700,26107,華航七,等價,116.0,0.0,116.0,116.7,116.0,19,95,11030100,116.1,116.0,127.6,104.4,2024-03-05,2610.0,19.7
701,26107,華航七,等價,115.6,-0.4,116.0,116.0,115.6,48,252,29217300,115.94,115.6,127.15,104.05,2024-03-06,2610.0,19.55
702,26107,華航七,等價,115.6,0.0,116.7,116.7,115.6,21,93,10760350,115.7,115.6,127.15,104.05,2024-03-07,2610.0,19.45
703,26107,華航七,等價,116.1,0.5,116.15,116.25,116.0,27,90,10448750,116.09,116.1,127.7,104.5,2024-03-08,2610.0,19.8
704,26107,華航七,等價,115.5,-0.6,115.2,115.5,115.2,7,34,3917150,115.21,115.5,127.05,103.95,2024-03-11,2610.0,19.5
705,26107,華航七,等價,115.8,0.3,115.8,116.3,115.8,12,45,5218050,115.95,115.8,127.35,104.25,2024-03-12,2610.0,19.85
706,26107,華航七,等價,115.45,-0.35,115.55,115.55,115.0,16,33,3799700,115.14,115.45,126.95,103.95,2024-03-13,2610.0,19.65
707,26107,華航七,等價,115.5,0.05,114.9,115.5,114.5,18,53,6102050,115.13,115.5,127.05,103.95,2024-03-14,2610.0,19.65
708,26107,華航七,等價,114.9,-0.6,115.0,115.5,114.0,15,34,3904350,114.83,114.9,126.35,103.45,2024-03-15,2610.0,19.35
709,26107,華航七,等價,113.5,-1.4,114.0,114.0,113.5,21,69,7833500,113.52,113.5,124.85,102.15,2024-03-18,2610.0,19.15
710,26107,華航七,等價,113.9,0.4,113.5,113.9,113.3,17,113,12835000,113.58,113.9,125.25,102.55,2024-03-19,2610.0,19.15
711,26107,華航七,等價,113.5,-0.4,113.0,113.7,113.0,18,102,11568900,113.42,113.5,124.85,102.15,2024-03-20,2610.0,19.1
712,26107,華航七,等價,113.5,0.0,114.0,114.0,113.1,35,237,26911000,113.54,113.5,124.85,102.15,2024-03-21,2610.0,19.25
713,26107,華航七,等價,113.5,0.0,113.7,113.8,113.2,18,88,9989750,113.51,113.5,124.85,102.15,2024-03-22,2610.0,19.35
714,26107,華航七,等價,113.3,-0.2,113.5,113.5,113.0,13,38,4306050,113.31,113.3,124.6,102.0,2024-03-25,2610.0,19.4
715,26107,華航七,等價,113.0,-0.3,113.05,113.4,113.0,38,152,17177750,113.01,113.0,124.3,101.7,2024-03-26,2610.0,19.1
716,26107,華航七,等價,113.55,0.55,113.0,114.0,113.0,53,190,21562800,113.48,113.55,124.9,102.2,2024-03-27,2610.0,19.55
717,26107,華航七,等價,113.7,0.15,113.8,114.95,113.7,40,129,14703600,113.98,113.7,125.05,102.35,2024-03-28,2610.0,19.5
718,26107,華航七,等價,114.05,0.35,113.7,114.05,113.7,26,65,7394200,113.75,114.05,125.45,102.65,2024-03-29,2610.0,19.5
719,26107,華航七,等價,114.05,0.0,115.0,115.5,114.0,11,30,3424750,114.15,114.05,125.45,102.65,2024-04-01,2610.0,19.5
720,26107,華航七,等價,113.65,-0.4,113.5,113.65,113.5,13,58,6584700,113.52,113.65,125.0,102.3,2024-04-02,2610.0,19.35
721,26107,華航七,等價,113.05,-0.6,113.0,113.3,113.0,18,43,4865050,113.14,113.05,124.35,101.75,2024-04-03,2610.0,19.15
722,26107,華航七,等價,113.5,0.45,113.5,114.0,113.5,20,125,14225000,113.8,113.5,124.85,102.15,2024-04-08,2610.0,19.2
723,26107,華航七,等價,114.6,1.1,114.0,114.6,113.1,38,198,22630850,114.29,114.6,126.05,103.15,2024-04-09,2610.0,19.45
724,26107,華航七,等價,114.6,0.0,113.85,114.6,113.8,26,104,11861350,114.05,114.6,126.05,103.15,2024-04-10,2610.0,19.55
725,26107,華航七,等價,117.0,2.4,114.6,117.35,114.6,60,171,19941650,116.61,117.0,128.7,105.3,2024-04-11,2610.0,19.95
726,26107,華航七,等價,118.25,1.25,117.0,118.25,117.0,88,237,27895200,117.7,118.25,130.05,106.45,2024-04-12,2610.0,20.05
727,26107,華航七,等價,119.0,0.75,119.9,120.1,118.95,50,321,38412650,119.66,119.0,130.9,107.1,2024-04-15,2610.0,19.8
728,26107,華航七,等價,116.3,-2.7,119.0,119.0,116.0,49,159,18534000,116.56,116.3,127.9,104.7,2024-04-16,2610.0,19.25
729,26107,華航七,等價,116.45,0.15,116.4,116.45,116.35,8,23,2677850,116.42,116.45,128.05,104.85,2024-04-17,2610.0,19.25
730,26107,華航七,等價,119.4,2.95,118.8,120.0,118.1,38,127,15152450,119.31,119.4,131.3,107.5,2024-04-18,2610.0,19.6
731,26107,華航七,等價,119.4,0.0,121.5,121.5,118.25,28,72,8592100,119.33,119.4,131.3,107.5,2024-04-19,2610.0,19.45
732,26107,華航七,等價,120.7,1.3,120.9,121.0,120.4,27,61,7363250,120.7,120.7,132.75,108.65,2024-04-22,2610.0,19.8
733,26107,華航七,等價,121.3,0.6,121.0,121.65,121.0,24,76,9206050,121.13,121.3,133.4,109.2,2024-04-23,2610.0,20.05
734,26107,華航七,等價,123.8,2.5,120.9,124.0,120.6,41,133,16245500,122.14,123.8,136.15,111.45,2024-04-24,2610.0,20.55
735,26107,華航七,等價,123.8,0.0,123.8,124.0,123.8,21,41,5079050,123.87,123.8,136.15,111.45,2024-04-25,2610.0,20.4
736,26107,華航七,等價,125.8,2.0,124.0,126.8,124.0,92,247,31015700,125.56,125.8,138.35,113.25,2024-04-26,2610.0,21.5
737,26107,華航七,等價,125.0,-0.8,128.0,128.15,125.0,78,304,38270500,125.88,125.0,137.5,112.5,2024-04-29,2610.0,21.35
738,26107,華航七,等價,124.0,-1.0,123.5,124.1,123.5,12,25,3090700,123.62,124.0,136.4,111.6,2024-04-30,2610.0,20.95
739,26107,華航七,等價,126.0,2.0,124.2,126.5,124.2,44,151,18956350,125.53,126.0,138.6,113.4,2024-05-02,2610.0,21.5
740,26107,華航七,等價,126.0,0.0,126.0,127.0,125.5,20,120,15128850,126.07,126.0,138.6,113.4,2024-05-03,2610.0,21.5
741,26107,華航七,等價,125.8,-0.2,128.4,128.5,125.8,14,68,8583200,126.22,125.8,138.35,113.25,2024-05-06,2610.0,21.45
742,26107,華航七,等價,125.0,-0.8,125.6,125.6,124.3,25,66,8243000,124.89,125.0,137.5,112.5,2024-05-07,2610.0,21.35
743,26107,華航七,等價,126.2,1.2,125.0,126.2,125.0,21,56,7014800,125.26,126.2,138.8,113.6,2024-05-08,2610.0,21.65
744,26107,華航七,等價,125.0,-1.2,127.75,127.75,125.0,18,57,7213400,126.55,125.0,137.5,112.5,2024-05-09,2610.0,21.15
745,26107,華航七,等價,129.9,4.9,127.9,129.9,127.5,110,445,57492750,129.19,129.9,142.85,116.95,2024-05-10,2610.0,22.65
746,26107,華航七,等價,130.9,1.0,129.9,131.5,128.6,50,129,16886200,130.9,130.9,143.95,117.85,2024-05-13,2610.0,23.0
747,26107,華航七,等價,130.0,-0.9,131.5,135.0,130.0,35,141,18521150,131.35,130.0,143.0,117.0,2024-05-14,2610.0,22.65
748,26107,華航七,等價,130.0,0.0,130.0,130.5,130.0,22,103,13409850,130.19,130.0,143.0,117.0,2024-05-15,2610.0,22.75
749,26107,華航七,等價,134.0,4.0,130.9,134.5,130.9,77,510,67893350,133.12,134.0,147.4,120.6,2024-05-16,2610.0,23.85
750,26107,華航七,等價,133.6,-0.4,134.05,137.5,133.6,136,772,104438400,135.28,133.6,146.95,120.25,2024-05-17,2610.0,23.8
751,26107,華航七,等價,132.55,-1.05,132.2,135.8,130.5,100,376,50145050,133.36,132.55,145.8,119.3,2024-05-20,2610.0,23.05
752,26107,華航七,等價,128.85,-3.7,130.0,131.0,128.1,91,319,41221050,129.21,128.85,141.7,116.0,2024-05-21,2610.0,22.8
753,26107,華航七,等價,127.0,-1.85,128.0,128.0,126.85,35,236,30068450,127.4,127.0,139.7,114.3,2024-05-22,2610.0,22.3
754,26107,華航七,等價,125.4,-1.6,125.0,125.5,124.6,50,325,40654350,125.09,125.4,137.9,112.9,2024-05-23,2610.0,22.05
755,26107,華航七,等價,126.75,1.35,125.9,126.95,125.45,53,276,34779200,126.01,126.75,139.4,114.1,2024-05-24,2610.0,22.4
756,26107,華航七,等價,125.15,-1.6,126.0,126.0,124.8,63,230,28832350,125.35,125.15,137.65,112.65,2024-05-27,2610.0,22.15
757,26107,華航七,等價,129.8,4.65,128.5,130.1,127.55,164,527,68178100,129.37,129.8,142.75,116.85,2024-05-28,2610.0,23.3
758,26107,華航七,等價,128.35,-1.45,129.5,130.5,127.5,42,125,16111000,128.88,128.35,141.15,115.55,2024-05-29,2610.0,22.8
759,26107,華航七,等價,126.55,-1.8,126.5,128.3,125.7,41,88,11132700,126.5,126.55,139.2,113.9,2024-05-30,2610.0,22.5
760,26107,華航七,等價,127.8,1.25,128.0,128.5,127.2,143,664,84995350,128.0,127.8,140.55,115.05,2024-05-31,2610.0,22.4
761,26107,華航七,等價,126.5,-1.3,127.05,127.5,126.5,42,184,23314600,126.7,126.5,139.15,113.85,2024-06-03,2610.0,22.15
762,26107,華航七,等價,126.6,0.1,126.5,126.6,126.0,48,246,31060350,126.26,126.6,139.25,113.95,2024-06-04,2610.0,22.15
763,26107,華航七,等價,127.5,0.9,128.4,128.4,127.0,16,130,16560500,127.38,127.5,140.25,114.75,2024-06-05,2610.0,22.25
764,26107,華航七,等價,129.5,2.0,128.15,129.5,128.15,35,141,18223600,129.24,129.5,142.45,116.55,2024-06-06,2610.0,23.0
765,26107,華航七,等價,129.95,0.45,129.5,131.0,129.05,36,59,7677400,130.12,129.95,142.9,117.0,2024-06-07,2610.0,23.1
766,26107,華航七,等價,130.6,0.65,131.0,134.0,130.2,72,194,25604000,131.97,130.6,143.65,117.55,2024-06-11,2610.0,23.15
767,26107,華航七,等價,130.0,-0.6,129.0,130.0,128.2,32,65,8393700,129.13,130.0,143.0,117.0,2024-06-12,2610.0,23.0
768,26107,華航七,等價,129.85,-0.15,129.4,130.1,128.6,16,19,2461300,129.54,129.85,142.8,116.9,2024-06-13,2610.0,22.85
769,26107,華航七,等價,130.15,0.3,130.9,130.9,129.5,17,31,4038850,130.28,130.15,143.15,117.15,2024-06-14,2610.0,23.0
770,26107,華航七,等價,129.95,-0.2,130.5,130.5,129.0,13,16,2073450,129.59,129.95,142.9,117.0,2024-06-17,2610.0,22.95
771,26107,華航七,等價,132.4,2.45,130.5,133.35,130.5,64,224,29665200,132.43,132.4,145.6,119.2,2024-06-18,2610.0,23.35
772,26107,華航七,等價,132.5,0.1,133.2,133.5,130.15,33,95,12585550,132.47,132.5,145.75,119.25,2024-06-19,2610.0,23.65
773,26107,華航七,等價,131.75,-0.75,131.3,132.5,130.9,34,50,6574600,131.49,131.75,144.9,118.6,,,
774,26107,華航七,等價,132.0,0.25,132.8,133.0,131.65,46,139,18391500,132.31,132.0,145.2,118.8,,,
775,26107,華航七,等價,131.8,-0.2,133.25,133.25,131.25,16,83,10941850,131.82,131.8,144.95,118.65,,,
776,26107,華航七,等價,131.5,-0.3,130.0,131.9,129.0,33,139,18169050,130.71,131.5,144.65,118.35,,,
777,26107,華航七,等價,131.9,0.4,132.0,132.0,130.5,23,97,12726000,131.19,131.9,145.05,118.75,,,
778,26107,華航七,等價,134.85,2.95,131.4,135.0,131.4,117,393,52685700,134.06,134.85,148.3,121.4,,,
779,26107,華航七,等價,133.35,-1.5,133.0,134.9,132.6,19,30,4007300,133.57,133.35,146.65,120.05,,,
780,26107,華航七,等價,135.0,1.65,131.2,135.0,131.2,63,114,15280550,134.03,135.0,148.5,121.5,,,
781,26107,華航七,等價,136.55,1.55,136.0,138.9,136.0,111,272,37440150,137.64,136.55,150.0,122.9,,,
782,26107,華航七,等價,138.75,2.2,137.35,138.75,136.7,32,87,11948600,137.34,138.75,152.0,124.9,,,
783,26107,華航七,等價,137.45,-1.3,137.95,138.0,135.55,22,53,7248700,136.76,137.45,151.0,123.75,,,
784,26107,華航七,等價,135.25,-2.2,136.3,137.45,135.0,33,115,15568100,135.37,135.25,148.75,121.75,,,
785,26107,華航七,等價,135.3,0.05,133.5,135.75,133.0,36,117,15719400,134.35,135.3,148.8,121.8,,,
786,26107,華航七,等價,133.0,-2.3,133.5,134.85,133.0,22,233,31006200,133.07,133.0,146.3,119.7,,,
787,26107,華航七,等價,136.4,3.4,133.8,136.95,133.15,29,54,7324250,135.63,136.4,150.0,122.8,,,
788,26107,華航七,等價,135.95,-0.45,133.85,136.0,133.5,34,48,6451200,134.4,135.95,149.5,122.4,,,
789,26107,華航七,等價,134.25,-1.7,134.5,134.5,133.45,26,33,4422550,134.01,134.25,147.65,120.85,,,
790,26107,華航七,等價,130.5,-3.75,133.15,133.4,130.0,43,88,11533950,131.06,130.5,143.55,117.45,,,
791,26107,華航七,等價,130.0,-0.5,130.0,130.0,129.5,10,32,4153500,129.79,130.0,143.0,117.0,,,
792,26107,華航七,等價,131.55,1.55,132.0,132.0,131.5,27,38,5007650,131.78,131.55,144.7,118.4,,,
793,26107,華航七,等價,131.0,-0.55,131.0,131.0,130.0,17,31,4045650,130.5,131.0,144.1,117.9,,,
794,26107,華航七,等價,129.65,-1.35,129.1,130.0,128.5,46,106,13699100,129.23,129.65,142.6,116.7,,,
795,26107,華航七,等價,127.9,-1.75,127.0,127.9,126.35,23,37,4704350,127.14,127.9,140.65,115.15,,,
796,26107,華航七,等價,130.25,2.35,128.4,130.5,126.5,45,84,10888600,129.62,130.25,143.25,117.25,,,
797,26107,華航七,等價,131.0,0.75,128.0,131.55,128.0,31,84,10975000,130.65,131.0,144.1,117.9,,,
798,26107,華航七,等價,131.7,0.7,132.0,132.0,129.8,9,15,1962050,130.8,131.7,144.85,118.55,,,
799,26107,華航七,等價,131.3,-0.4,129.55,131.7,128.7,23,48,6246950,130.14,131.3,144.4,118.2,,,
800,26107,華航七,等價,133.5,2.2,131.8,134.0,130.85,44,110,14555550,132.32,133.5,146.85,120.15,,,
801,26107,華航七,等價,133.1,-0.4,132.45,133.1,132.45,5,5,662950,132.59,133.1,146.4,119.8,,,
802,26107,華航七,等價,130.0,-3.1,131.75,131.75,129.05,18,28,3646150,130.21,130.0,143.0,117.0,,,
803,26107,華航七,等價,122.0,-8.0,122.0,125.0,118.5,54,225,27342450,121.52,122.0,134.2,109.8,,,
804,26107,華航七,等價,122.8,0.8,123.0,123.0,120.0,39,117,14289900,122.13,122.8,135.05,110.55,,,
805,26107,華航七,等價,126.0,3.2,122.8,126.0,122.8,33,78,9700000,124.35,126.0,138.6,113.4,,,
806,26107,華航七,等價,125.0,-1.0,123.5,126.5,123.5,12,24,2998700,124.94,125.0,137.5,112.5,,,
807,26107,華航七,等價,126.75,1.75,126.95,126.95,124.2,19,33,4164350,126.19,126.75,139.4,114.1,,,
808,26107,華航七,等價,127.0,0.25,126.6,127.0,125.3,13,14,1768200,126.3,127.0,139.7,114.3,,,
809,26107,華航七,等價,126.05,-0.95,127.65,127.65,125.0,5,8,1006500,125.81,126.05,138.65,113.45,,,
810,26107,華航七,等價,126.4,0.35,128.8,128.8,125.0,5,8,1018600,127.32,126.4,139.0,113.8,,,
811,26107,華航七,等價,128.0,1.6,128.0,128.0,128.0,1,1,128000,128.0,128.0,140.8,115.2,,,
812,26107,華航七,等價,129.0,1.0,132.0,132.0,125.0,13,19,2428150,127.79,129.0,141.9,116.1,,,
813,26107,華航七,等價,127.8,-1.2,126.0,127.8,126.0,3,3,379800,126.6,127.8,140.55,115.05,,,
814,26107,華航七,等價,128.0,0.2,127.0,128.0,124.6,8,12,1514700,126.22,128.0,140.8,115.2,,,
815,26107,華航七,等價,128.0,0.0,128.0,128.0,128.0,1,5,640000,128.0,128.0,140.8,115.2,,,
816,26107,華航七,等價,125.9,-2.1,127.5,127.5,124.5,17,27,3383600,125.31,125.9,138.45,113.35,,,
817,26107,華航七,等價,125.8,-0.1,126.0,126.0,124.1,9,16,2004300,125.26,125.8,138.35,113.25,,,
818,26107,華航七,等價,125.8,0.0,125.95,126.0,124.0,13,40,4987450,124.68,125.8,138.35,113.25,,,
819,26107,華航七,等價,124.5,-1.3,125.7,125.7,123.0,15,40,4974000,124.35,124.5,136.95,112.05,,,
820,26107,華航七,等價,124.4,-0.1,125.0,125.0,124.3,8,19,2365500,124.5,124.4,136.8,112.0,,,
821,26107,華航七,等價,124.0,-0.4,122.05,124.4,122.0,21,47,5803100,123.47,124.0,136.4,111.6,,,
822,26107,華航七,等價,123.85,-0.15,124.9,125.0,122.6,23,43,5304850,123.36,123.85,136.2,111.5,,,
823,26107,華航七,等價,125.5,1.65,125.5,125.5,125.5,1,6,753000,125.5,125.5,138.05,112.95,,,
824,26107,華航七,等價,125.45,-0.05,124.95,125.45,124.95,5,15,1875300,125.02,125.45,137.95,112.95,,,
825,26107,華航七,等價,122.5,-2.95,122.95,123.0,121.8,18,38,4646900,122.28,122.5,134.75,110.25,,,
826,26107,華航七,等價,123.3,0.8,124.5,125.0,121.0,37,79,9762000,123.56,123.3,135.6,111.0,,,
827,26107,華航七,等價,0.0,0.0,0.0,0.0,0.0,0,0,0,123.56,122.95,135.2,110.7,,,
828,26107,華航七,等價,122.95,0.0,122.5,122.95,122.4,8,14,1715150,122.51,122.95,135.2,110.7,,,
829,26107,華航七,等價,0.0,0.0,0.0,0.0,0.0,0,0,0,122.51,122.95,135.2,110.7,,,
830,26107,華航七,等價,124.0,1.05,122.2,125.0,122.2,9,33,4074650,123.47,124.0,136.4,111.6,,,
831,26107,華航七,等價,124.0,0.0,124.35,124.5,124.0,5,10,1242750,124.27,124.0,136.4,111.6,,,
832,26107,華航七,等價,124.8,0.8,124.45,125.0,124.45,12,49,6109650,124.68,124.8,137.25,112.35,,,
833,26107,華航七,等價,124.6,-0.2,124.95,124.95,124.6,3,4,498750,124.68,124.6,137.05,112.15,,,
834,26107,華航七,等價,126.5,1.9,124.9,127.0,124.9,28,83,10406400,125.37,126.5,139.15,113.85,,,
835,26107,華航七,等價,0.0,0.0,0.0,0.0,0.0,0,0,0,125.37,126.3,138.9,113.7,,,
836,26107,華航七,等價,128.0,1.7,128.0,128.0,128.0,1,1,128000,128.0,128.0,140.8,115.2,,,
837,26107,華航七,等價,128.5,0.5,127.95,128.5,127.95,6,17,2176350,128.02,128.5,141.35,115.65,,,
838,26107,華航七,等價,128.5,0.0,128.0,129.3,126.0,21,43,5504650,128.01,128.5,141.35,115.65,,,
839,26107,華航七,等價,129.5,1.0,129.0,129.5,129.0,2,4,517500,129.37,129.5,142.45,116.55,,,
840,26107,華航七,等價,129.55,0.05,129.5,129.55,129.5,2,2,259050,129.52,129.55,142.5,116.6,,,
841,26107,華航七,等價,129.4,-0.15,129.5,129.5,128.0,13,108,13932650,129.0,129.4,142.3,116.5,,,
842,26107,華航七,等價,130.6,1.2,129.5,130.9,129.5,19,44,5743450,130.53,130.6,143.65,117.55,,,
843,26107,華航七,等價,130.3,-0.3,129.0,130.3,129.0,14,36,4670550,129.73,130.3,143.3,117.3,,,
844,26107,華航七,等價,126.5,-3.8,128.0,128.0,126.5,7,14,1775850,126.84,126.5,139.15,113.85,,,
845,26107,華航七,等價,127.95,1.45,128.0,128.0,127.95,4,6,767750,127.95,127.95,140.7,115.2,,,
846,26107,華航七,等價,126.0,-1.95,127.95,127.95,126.0,2,2,253950,126.97,126.0,138.6,113.4,,,
847,26107,華航七,等價,125.8,-0.2,123.5,126.0,122.0,17,26,3247150,124.89,125.8,138.35,113.25,,,
848,26107,華航七,等價,126.95,1.15,126.95,126.95,126.95,1,1,126950,126.95,126.95,139.6,114.3,,,
849,26107,華航七,等價,125.9,-1.05,126.45,126.45,125.0,7,12,1510450,125.87,125.9,138.45,113.35,,,
850,26107,華航七,等價,127.5,1.6,127.5,127.5,127.5,1,1,127500,127.5,127.5,140.25,114.75,,,
851,26107,華航七,等價,127.5,0.0,127.0,128.0,126.4,19,54,6881150,127.42,127.5,140.25,114.75,,,
852,26107,華航七,等價,128.4,0.9,128.5,128.5,126.0,11,20,2558750,127.93,128.4,141.2,115.6,,,
853,26107,華航七,等價,128.8,0.4,129.0,129.0,126.5,3,10,1279000,127.9,128.8,141.65,115.95,,,
854,26107,華航七,等價,128.45,-0.35,129.0,129.5,126.0,36,96,12220950,127.3,128.45,141.25,115.65,,,
855,26107,華航七,等價,128.7,0.25,127.95,128.9,127.0,41,79,10110350,127.97,128.7,141.55,115.85,,,
856,26107,華航七,等價,128.0,-0.7,128.8,128.8,127.65,6,9,1154050,128.22,128.0,140.8,115.2,,,
857,26107,華航七,等價,130.35,2.35,128.9,130.9,128.0,82,210,27233000,129.68,130.35,143.35,117.35,,,
858,26107,華航七,等價,130.0,-0.35,130.0,130.5,129.0,48,123,15993950,130.03,130.0,143.0,117.0,,,
859,26107,華航七,等價,130.0,0.0,130.5,133.0,129.7,162,782,101808950,130.19,130.0,143.0,117.0,,,
860,26107,華航七,等價,130.0,0.0,130.0,130.25,128.8,64,364,46989150,129.09,130.0,143.0,117.0,,,
861,26107,華航七,等價,131.0,1.0,129.8,131.0,129.6,26,76,9897300,130.22,131.0,144.1,117.9,,,
862,26107,華航七,等價,130.4,-0.6,129.0,130.4,129.0,5,14,1809750,129.26,130.4,143.4,117.4,,,
863,26107,華航七,等價,130.95,0.55,130.4,131.35,130.4,33,93,12146350,130.6,130.95,144.0,117.9,,,
864,26107,華航七,等價,130.0,-0.95,130.0,130.65,129.0,15,62,8035300,129.6,130.0,143.0,117.0,,,
865,26107,華航七,等價,130.0,0.0,131.0,131.0,129.2,7,11,1426250,129.65,130.0,143.0,117.0,,,
866,26107,華航七,等價,133.55,3.55,130.0,133.55,130.0,83,176,23320450,132.5,133.55,146.9,120.2,,,
867,26107,華航七,等價,133.85,0.3,134.0,134.5,131.6,26,70,9313000,133.04,133.85,147.2,120.5,,,
868,26107,華航七,等價,134.3,0.45,134.95,134.95,132.1,30,35,4690250,134.0,134.3,147.7,120.9,,,
869,26107,華航七,等價,134.2,-0.1,134.0,135.9,134.0,34,57,7697700,135.04,134.2,147.6,120.8,,,
870,26107,華航七,等價,134.55,0.35,135.0,135.0,133.5,14,15,2013400,134.22,134.55,148.0,121.1,,,
871,26107,華航七,等價,135.05,0.5,134.7,135.9,133.7,76,198,26777200,135.23,135.05,148.55,121.55,,,
872,26107,華航七,等價,137.2,2.15,135.5,138.0,135.5,74,141,19286100,136.78,137.2,150.0,123.5,,,
873,26107,華航七,等價,136.5,-0.7,138.0,138.0,135.1,39,94,12834200,136.53,136.5,150.0,122.85,,,
874,26107,華航七,等價,138.5,2.0,137.45,138.9,136.5,73,177,24367550,137.66,138.5,152.0,124.65,,,
875,26107,華航七,等價,138.8,0.3,138.0,139.5,138.0,33,53,7359300,138.85,138.8,152.0,124.95,,,
876,26107,華航七,等價,139.15,0.35,139.4,139.4,137.25,35,48,6643600,138.4,139.15,153.0,125.25,,,
877,26107,華航七,等價,141.4,2.25,139.6,142.4,139.55,64,167,23589200,141.25,141.4,155.0,127.3,,,
878,26107,華航七,等價,141.7,0.3,139.65,141.7,138.55,35,62,8700700,140.33,141.7,155.0,127.55,,,
879,26107,華航七,等價,142.5,0.8,141.9,144.0,141.7,59,202,28742850,142.29,142.5,156.0,128.25,,,
880,26107,華航七,等價,142.6,0.1,143.25,143.5,142.45,53,128,18304900,143.0,142.6,156.0,128.35,,,
