,datetime,symbol,收盤價
458,2013-05-15,2610,11.5
1911,2013-05-16,2610,11.4
3364,2013-05-17,2610,11.35
4817,2013-05-20,2610,11.4
6270,2013-05-21,2610,11.4
7723,2013-05-22,2610,11.9
9176,2013-05-23,2610,11.65
10630,2013-05-24,2610,11.95
12084,2013-05-27,2610,11.9
13538,2013-05-28,2610,12.0
14992,2013-05-29,2610,12.1
16446,2013-05-30,2610,12.1
17901,2013-05-31,2610,12.15
19356,2013-06-03,2610,11.85
20812,2013-06-04,2610,11.7
22269,2013-06-05,2610,11.8
23726,2013-06-06,2610,11.55
25183,2013-06-07,2610,11.55
26640,2013-06-10,2610,11.6
28096,2013-06-11,2610,11.45
29552,2013-06-13,2610,11.2
31008,2013-06-14,2610,11.1
32464,2013-06-17,2610,11.25
33921,2013-06-18,2610,11.4
35378,2013-06-19,2610,11.25
36835,2013-06-20,2610,11.1
38292,2013-06-21,2610,11.2
39749,2013-06-24,2610,11.1
41206,2013-06-25,2610,10.95
42664,2013-06-26,2610,11.2
44123,2013-06-27,2610,11.2
45582,2013-06-28,2610,11.3
47041,2013-07-01,2610,11.4
48500,2013-07-02,2610,11.3
49959,2013-07-03,2610,11.25
51418,2013-07-04,2610,11.1
52877,2013-07-05,2610,11.35
54336,2013-07-08,2610,11.1
55795,2013-07-09,2610,11.2
57254,2013-07-10,2610,11.15
58713,2013-07-11,2610,11.3
60172,2013-07-12,2610,11.2
61631,2013-07-15,2610,11.35
63090,2013-07-16,2610,11.45
64549,2013-07-17,2610,11.5
66008,2013-07-18,2610,11.5
67467,2013-07-19,2610,11.4
68926,2013-07-22,2610,11.3
70385,2013-07-23,2610,11.5
71844,2013-07-24,2610,11.35
73304,2013-07-25,2610,11.3
74764,2013-07-26,2610,11.25
76224,2013-07-29,2610,11.15
77684,2013-07-30,2610,11.25
79144,2013-07-31,2610,11.1
80604,2013-08-01,2610,11.1
82064,2013-08-02,2610,11.1
83524,2013-08-05,2610,11.05
84985,2013-08-06,2610,11.0
86446,2013-08-07,2610,10.95
87907,2013-08-08,2610,10.75
89368,2013-08-09,2610,10.7
90829,2013-08-12,2610,10.7
92290,2013-08-13,2610,11.0
93751,2013-08-14,2610,10.85
95210,2013-08-15,2610,10.75
96669,2013-08-16,2610,10.8
98128,2013-08-19,2610,10.7
99587,2013-08-20,2610,10.7
101046,2013-08-22,2610,10.6
102505,2013-08-23,2610,10.55
103964,2013-08-26,2610,10.55
105423,2013-08-27,2610,10.45
106882,2013-08-28,2610,10.25
108341,2013-08-29,2610,10.4
109800,2013-08-30,2610,10.5
111259,2013-09-02,2610,10.55
112718,2013-09-03,2610,10.5
114177,2013-09-04,2610,10.5
115636,2013-09-05,2610,10.6
117095,2013-09-06,2610,10.55
118554,2013-09-09,2610,10.6
120013,2013-09-10,2610,10.75
121472,2013-09-11,2610,10.9
122931,2013-09-12,2610,11.0
124392,2013-09-13,2610,10.95
125853,2013-09-14,2610,10.85
127314,2013-09-16,2610,10.9
128775,2013-09-17,2610,10.95
130236,2013-09-18,2610,10.75
131697,2013-09-23,2610,10.9
133159,2013-09-24,2610,10.95
134622,2013-09-25,2610,10.9
136085,2013-09-26,2610,10.75
137548,2013-09-27,2610,11.05
139011,2013-09-30,2610,11.1
140474,2013-10-01,2610,11.1
141937,2013-10-02,2610,11.1
143400,2013-10-03,2610,11.0
144863,2013-10-04,2610,10.9
146326,2013-10-07,2610,10.75
147789,2013-10-08,2610,10.75
149252,2013-10-09,2610,10.7
150716,2013-10-11,2610,10.6
152180,2013-10-14,2610,10.55
153644,2013-10-15,2610,10.7
155108,2013-10-16,2610,10.6
156572,2013-10-17,2610,10.7
158036,2013-10-18,2610,10.65
159500,2013-10-21,2610,10.55
160965,2013-10-22,2610,10.6
162430,2013-10-23,2610,10.7
163896,2013-10-24,2610,10.7
165362,2013-10-25,2610,10.65
166828,2013-10-28,2610,10.6
168294,2013-10-29,2610,10.6
169760,2013-10-30,2610,10.6
171226,2013-10-31,2610,10.65
172693,2013-11-01,2610,10.65
174160,2013-11-04,2610,10.7
175627,2013-11-05,2610,10.55
177094,2013-11-06,2610,10.65
178561,2013-11-07,2610,10.6
180028,2013-11-08,2610,10.7
181497,2013-11-11,2610,10.7
182967,2013-11-12,2610,10.7
184437,2013-11-13,2610,10.65
185906,2013-11-14,2610,10.65
187374,2013-11-15,2610,10.65
188842,2013-11-18,2610,10.6
190310,2013-11-19,2610,10.7
191778,2013-11-20,2610,10.6
193247,2013-11-21,2610,10.55
194718,2013-11-22,2610,10.55
196190,2013-11-25,2610,10.85
197664,2013-11-26,2610,10.85
199138,2013-11-27,2610,10.7
200617,2013-11-28,2610,10.85
202097,2013-11-29,2610,10.85
203577,2013-12-02,2610,10.75
205057,2013-12-03,2610,10.75
206541,2013-12-04,2610,10.8
208025,2013-12-05,2610,10.7
209509,2013-12-06,2610,10.65
210993,2013-12-09,2610,10.65
212478,2013-12-10,2610,10.7
213963,2013-12-11,2610,10.7
215448,2013-12-12,2610,10.6
216935,2013-12-13,2610,10.65
218423,2013-12-16,2610,10.65
219912,2013-12-17,2610,10.6
221401,2013-12-18,2610,10.6
222890,2013-12-19,2610,10.6
224381,2013-12-20,2610,10.65
225872,2013-12-23,2610,10.7
227363,2013-12-24,2610,10.7
228855,2013-12-25,2610,10.75
230349,2013-12-26,2610,10.8
231844,2013-12-27,2610,10.85
233339,2013-12-30,2610,10.9
234836,2013-12-31,2610,10.95
236333,2014-01-02,2610,10.9
237830,2014-01-03,2610,10.75
239327,2014-01-06,2610,10.8
240824,2014-01-07,2610,10.8
242321,2014-01-08,2610,10.8
243819,2014-01-09,2610,10.85
245317,2014-01-10,2610,10.8
246814,2014-01-13,2610,10.8
248312,2014-01-14,2610,10.85
249811,2014-01-15,2610,10.9
251311,2014-01-16,2610,10.8
252810,2014-01-17,2610,10.8
254310,2014-01-20,2610,10.75
255811,2014-01-21,2610,10.75
257312,2014-01-22,2610,10.75
258813,2014-01-23,2610,10.65
260314,2014-01-24,2610,10.65
261815,2014-01-27,2610,10.65
263316,2014-02-05,2610,10.5
264817,2014-02-06,2610,10.4
266318,2014-02-07,2610,10.35
267819,2014-02-10,2610,10.35
269320,2014-02-11,2610,10.35
270821,2014-02-12,2610,10.3
272322,2014-02-13,2610,10.45
273823,2014-02-14,2610,10.45
275324,2014-02-17,2610,10.4
276825,2014-02-18,2610,10.4
278326,2014-02-19,2610,10.35
279827,2014-02-20,2610,10.3
281328,2014-02-21,2610,10.35
282829,2014-02-24,2610,10.3
284330,2014-02-25,2610,10.3
285832,2014-02-26,2610,10.3
287334,2014-02-27,2610,10.4
288836,2014-03-03,2610,10.35
290338,2014-03-04,2610,10.2
291840,2014-03-05,2610,10.25
293342,2014-03-06,2610,10.3
294844,2014-03-07,2610,10.3
296346,2014-03-10,2610,10.3
297848,2014-03-11,2610,10.3
299351,2014-03-12,2610,10.25
300854,2014-03-13,2610,10.25
302357,2014-03-14,2610,10.2
303861,2014-03-17,2610,10.25
305365,2014-03-18,2610,10.25
306869,2014-03-19,2610,10.15
308373,2014-03-20,2610,10.0
309877,2014-03-21,2610,10.1
311381,2014-03-24,2610,10.1
312885,2014-03-25,2610,10.05
314389,2014-03-26,2610,10.05
315893,2014-03-27,2610,10.05
317397,2014-03-28,2610,10.05
318903,2014-03-31,2610,10.05
320409,2014-04-01,2610,10.1
321915,2014-04-02,2610,10.2
323421,2014-04-03,2610,10.15
324927,2014-04-07,2610,10.2
326433,2014-04-08,2610,10.15
327939,2014-04-09,2610,10.15
329445,2014-04-10,2610,10.2
330951,2014-04-11,2610,10.25
332458,2014-04-14,2610,10.15
333965,2014-04-15,2610,10.2
335472,2014-04-16,2610,10.3
336979,2014-04-17,2610,10.35
338486,2014-04-18,2610,10.3
339993,2014-04-21,2610,10.15
341500,2014-04-22,2610,10.3
343007,2014-04-23,2610,10.25
344515,2014-04-24,2610,10.25
346023,2014-04-25,2610,10.1
347531,2014-04-28,2610,10.1
349039,2014-04-29,2610,10.2
350547,2014-04-30,2610,10.1
352055,2014-05-02,2610,10.15
353563,2014-05-05,2610,10.15
355071,2014-05-06,2610,10.15
356579,2014-05-07,2610,10.25
358087,2014-05-08,2610,10.25
359595,2014-05-09,2610,10.3
361103,2014-05-12,2610,10.2
362611,2014-05-13,2610,10.2
364120,2014-05-14,2610,10.3
365629,2014-05-15,2610,10.3
367138,2014-05-16,2610,10.2
368647,2014-05-19,2610,10.2
370156,2014-05-20,2610,10.25
371665,2014-05-21,2610,10.2
373174,2014-05-22,2610,10.3
374683,2014-05-23,2610,10.25
376193,2014-05-26,2610,10.15
377703,2014-05-27,2610,10.2
379213,2014-05-28,2610,10.15
380723,2014-05-29,2610,10.2
382233,2014-05-30,2610,10.15
383743,2014-06-03,2610,10.2
385253,2014-06-04,2610,10.15
386763,2014-06-05,2610,10.15
388273,2014-06-06,2610,10.15
389783,2014-06-09,2610,10.15
391293,2014-06-10,2610,10.2
392803,2014-06-11,2610,10.1
394313,2014-06-12,2610,10.15
395824,2014-06-13,2610,10.15
397335,2014-06-16,2610,10.1
398846,2014-06-17,2610,10.15
400357,2014-06-18,2610,10.15
401868,2014-06-19,2610,10.1
403379,2014-06-20,2610,10.05
404890,2014-06-23,2610,10.0
406401,2014-06-24,2610,10.0
407912,2014-06-25,2610,10.05
409423,2014-06-26,2610,10.1
410934,2014-06-27,2610,10.0
412445,2014-06-30,2610,10.25
413956,2014-07-01,2610,10.05
415467,2014-07-02,2610,10.05
416978,2014-07-03,2610,10.05
418489,2014-07-04,2610,10.3
420000,2014-07-07,2610,10.15
421511,2014-07-08,2610,10.15
423022,2014-07-09,2610,10.15
424534,2014-07-10,2610,10.2
426046,2014-07-11,2610,10.2
427558,2014-07-14,2610,10.4
429070,2014-07-15,2610,10.35
430582,2014-07-16,2610,10.35
432094,2014-07-17,2610,10.45
433606,2014-07-18,2610,10.3
435118,2014-07-21,2610,10.3
436630,2014-07-22,2610,10.25
438143,2014-07-24,2610,10.25
439657,2014-07-25,2610,10.2
441172,2014-07-28,2610,10.2
442687,2014-07-29,2610,10.25
444202,2014-07-30,2610,10.35
445717,2014-07-31,2610,10.2
447232,2014-08-01,2610,10.2
448747,2014-08-04,2610,10.2
450262,2014-08-05,2610,10.05
451777,2014-08-06,2610,10.0
453292,2014-08-07,2610,10.1
454807,2014-08-08,2610,10.0
456322,2014-08-11,2610,10.0
457837,2014-08-12,2610,9.96
459352,2014-08-13,2610,10.0
460867,2014-08-14,2610,10.0
462383,2014-08-15,2610,9.96
463899,2014-08-18,2610,9.82
465415,2014-08-19,2610,9.9
466931,2014-08-20,2610,9.99
468447,2014-08-21,2610,9.96
469963,2014-08-22,2610,10.15
471479,2014-08-25,2610,10.15
472997,2014-08-26,2610,10.1
474516,2014-08-27,2610,10.1
476035,2014-08-28,2610,10.1
477554,2014-08-29,2610,10.0
479073,2014-09-01,2610,10.05
480592,2014-09-02,2610,10.05
482111,2014-09-03,2610,10.1
483630,2014-09-04,2610,10.05
485149,2014-09-05,2610,10.05
486668,2014-09-09,2610,10.1
488187,2014-09-10,2610,10.05
489705,2014-09-11,2610,10.15
491223,2014-09-12,2610,10.1
492741,2014-09-15,2610,10.2
494261,2014-09-16,2610,10.1
495781,2014-09-17,2610,10.15
497301,2014-09-18,2610,10.25
498821,2014-09-19,2610,10.2
500341,2014-09-22,2610,10.2
501861,2014-09-23,2610,10.15
503381,2014-09-24,2610,10.15
504901,2014-09-25,2610,10.2
506422,2014-09-26,2610,10.15
507943,2014-09-29,2610,10.1
509464,2014-09-30,2610,10.2
510985,2014-10-01,2610,10.1
512507,2014-10-02,2610,10.05
514029,2014-10-03,2610,10.1
515551,2014-10-06,2610,10.15
517073,2014-10-07,2610,10.05
518597,2014-10-08,2610,10.05
520121,2014-10-09,2610,10.05
521646,2014-10-13,2610,9.9
523171,2014-10-14,2610,10.0
524696,2014-10-15,2610,10.15
526222,2014-10-16,2610,10.15
527748,2014-10-17,2610,10.0
529274,2014-10-20,2610,10.15
530800,2014-10-21,2610,10.3
532326,2014-10-22,2610,10.5
533852,2014-10-23,2610,11.0
535378,2014-10-24,2610,11.0
536904,2014-10-27,2610,11.3
538430,2014-10-28,2610,11.35
539959,2014-10-29,2610,11.4
541488,2014-10-30,2610,11.9
543017,2014-10-31,2610,11.9
544546,2014-11-03,2610,12.15
546076,2014-11-04,2610,12.2
547606,2014-11-05,2610,12.25
549136,2014-11-06,2610,11.85
550666,2014-11-07,2610,12.05
552196,2014-11-10,2610,12.1
553726,2014-11-11,2610,12.2
555256,2014-11-12,2610,12.2
556786,2014-11-13,2610,12.4
558316,2014-11-14,2610,12.8
559846,2014-11-17,2610,12.5
561376,2014-11-18,2610,12.3
562906,2014-11-19,2610,12.45
564436,2014-11-20,2610,12.4
565966,2014-11-21,2610,12.3
567496,2014-11-24,2610,12.3
569026,2014-11-25,2610,12.5
570556,2014-11-26,2610,12.5
572086,2014-11-27,2610,12.5
573617,2014-11-28,2610,13.05
575148,2014-12-01,2610,13.85
576679,2014-12-02,2610,13.8
578210,2014-12-03,2610,14.65
579741,2014-12-04,2610,14.15
581274,2014-12-05,2610,14.4
582807,2014-12-08,2610,14.5
584340,2014-12-09,2610,14.6
585874,2014-12-10,2610,14.4
587407,2014-12-11,2610,14.8
588940,2014-12-12,2610,14.65
590474,2014-12-15,2610,14.75
592008,2014-12-16,2610,14.6
593542,2014-12-17,2610,13.7
595077,2014-12-18,2610,13.9
596612,2014-12-19,2610,14.35
598148,2014-12-22,2610,14.1
599683,2014-12-23,2610,13.95
601220,2014-12-24,2610,13.7
602758,2014-12-25,2610,13.75
604297,2014-12-26,2610,14.0
605836,2014-12-27,2610,14.1
607376,2014-12-29,2610,13.8
608917,2014-12-30,2610,14.0
610458,2014-12-31,2610,14.5
611999,2015-01-05,2610,14.85
613540,2015-01-06,2610,15.1
615081,2015-01-07,2610,15.85
616622,2015-01-08,2610,15.85
618163,2015-01-09,2610,16.0
619704,2015-01-12,2610,15.8
621245,2015-01-13,2610,16.3
622786,2015-01-14,2610,16.2
624327,2015-01-15,2610,15.85
625868,2015-01-16,2610,15.95
627409,2015-01-19,2610,15.3
628950,2015-01-20,2610,15.75
630493,2015-01-21,2610,15.9
632036,2015-01-22,2610,16.05
633579,2015-01-23,2610,16.1
635122,2015-01-26,2610,16.35
636667,2015-01-27,2610,16.35
638213,2015-01-28,2610,15.95
639759,2015-01-29,2610,15.75
641305,2015-01-30,2610,15.9
642851,2015-02-02,2610,15.1
644397,2015-02-03,2610,14.95
645943,2015-02-04,2610,14.8
647489,2015-02-05,2610,15.25
649035,2015-02-06,2610,15.05
650581,2015-02-09,2610,14.7
652127,2015-02-10,2610,15.1
653673,2015-02-11,2610,15.1
655219,2015-02-12,2610,15.0
656765,2015-02-13,2610,15.0
658311,2015-02-24,2610,15.1
659857,2015-02-25,2610,15.3
661403,2015-02-26,2610,15.4
662949,2015-03-02,2610,15.3
664495,2015-03-03,2610,15.15
666041,2015-03-04,2610,14.8
667587,2015-03-05,2610,14.2
669133,2015-03-06,2610,14.75
670679,2015-03-09,2610,14.8
672225,2015-03-10,2610,14.85
673771,2015-03-11,2610,15.1
675317,2015-03-12,2610,15.15
676863,2015-03-13,2610,15.45
678409,2015-03-16,2610,15.8
679955,2015-03-17,2610,15.9
681501,2015-03-18,2610,16.1
683048,2015-03-19,2610,15.95
684595,2015-03-20,2610,15.9
686142,2015-03-23,2610,15.95
687691,2015-03-24,2610,16.2
689241,2015-03-25,2610,16.0
690792,2015-03-26,2610,15.55
692343,2015-03-27,2610,15.45
693894,2015-03-30,2610,15.75
695447,2015-03-31,2610,16.05
696997,2015-04-01,2610,16.0
698547,2015-04-02,2610,16.15
700097,2015-04-07,2610,17.2
701647,2015-04-08,2610,17.35
703198,2015-04-09,2610,17.4
704749,2015-04-10,2610,17.3
706300,2015-04-13,2610,17.9
707851,2015-04-14,2610,17.7
709402,2015-04-15,2610,17.8
710953,2015-04-16,2610,17.3
712504,2015-04-17,2610,17.0
714055,2015-04-20,2610,16.7
715607,2015-04-21,2610,16.6
717159,2015-04-22,2610,16.3
718711,2015-04-23,2610,16.5
720263,2015-04-24,2610,16.15
721815,2015-04-27,2610,16.1
723367,2015-04-28,2610,16.6
724919,2015-04-29,2610,16.55
726471,2015-04-30,2610,16.3
728023,2015-05-04,2610,15.9
729575,2015-05-05,2610,15.8
731127,2015-05-06,2610,14.7
732680,2015-05-07,2610,14.65
734233,2015-05-08,2610,14.75
735786,2015-05-11,2610,14.85
737339,2015-05-12,2610,15.1
738892,2015-05-13,2610,14.65
740445,2015-05-14,2610,14.5
741998,2015-05-15,2610,14.4
743551,2015-05-18,2610,14.2
745105,2015-05-19,2610,14.8
746659,2015-05-20,2610,14.75
748214,2015-05-21,2610,14.2
749769,2015-05-22,2610,14.15
751324,2015-05-25,2610,15.1
752880,2015-05-26,2610,15.1
754436,2015-05-27,2610,15.15
755992,2015-05-28,2610,15.2
757548,2015-05-29,2610,15.0
759104,2015-06-01,2610,14.35
760660,2015-06-02,2610,14.35
762217,2015-06-03,2610,13.45
763774,2015-06-04,2610,13.6
765331,2015-06-05,2610,13.8
766888,2015-06-08,2610,13.25
768445,2015-06-09,2610,13.0
770003,2015-06-10,2610,13.15
771561,2015-06-11,2610,12.3
773119,2015-06-12,2610,12.35
774679,2015-06-15,2610,12.2
776239,2015-06-16,2610,11.85
777799,2015-06-17,2610,11.7
779359,2015-06-18,2610,12.7
780919,2015-06-22,2610,12.9
782479,2015-06-23,2610,13.0
784039,2015-06-24,2610,12.9
785599,2015-06-25,2610,13.4
787159,2015-06-26,2610,13.25
788719,2015-06-29,2610,13.05
790279,2015-06-30,2610,13.15
791839,2015-07-01,2610,13.3
793399,2015-07-02,2610,14.1
794959,2015-07-03,2610,13.75
796519,2015-07-06,2610,14.15
798079,2015-07-07,2610,14.35
799639,2015-07-08,2610,13.6
801199,2015-07-09,2610,13.6
802759,2015-07-13,2610,13.6
804318,2015-07-14,2610,13.8
805878,2015-07-15,2610,14.05
807438,2015-07-16,2610,14.6
808998,2015-07-17,2610,14.35
810558,2015-07-20,2610,14.25
812118,2015-07-21,2610,14.15
813678,2015-07-22,2610,14.35
815239,2015-07-23,2610,14.4
816800,2015-07-24,2610,14.3
818361,2015-07-27,2610,13.75
819922,2015-07-28,2610,13.95
821484,2015-07-29,2610,13.9
823046,2015-07-30,2610,14.0
824608,2015-07-31,2610,14.05
826170,2015-08-03,2610,13.8
827732,2015-08-04,2610,14.15
829294,2015-08-05,2610,14.45
830856,2015-08-06,2610,14.25
832418,2015-08-07,2610,14.35
833980,2015-08-10,2610,14.65
835545,2015-08-11,2610,14.2
837110,2015-08-12,2610,13.75
838675,2015-08-13,2610,13.65
840240,2015-08-14,2610,12.6
841804,2015-08-17,2610,12.3
843368,2015-08-18,2610,12.1
844932,2015-08-19,2610,12.15
846496,2015-08-20,2610,12.4
848060,2015-08-21,2610,12.2
849624,2015-08-24,2610,11.35
851188,2015-08-25,2610,11.65
852752,2015-08-26,2610,11.45
854316,2015-08-27,2610,11.75
855880,2015-08-28,2610,11.8
857444,2015-08-31,2610,11.7
859008,2015-09-01,2610,11.2
860572,2015-09-02,2610,11.25
862136,2015-09-03,2610,11.2
863700,2015-09-04,2610,11.0
865264,2015-09-07,2610,10.9
866828,2015-09-08,2610,11.15
868393,2015-09-09,2610,11.35
869957,2015-09-10,2610,11.5
871520,2015-09-11,2610,11.4
873083,2015-09-14,2610,11.6
874646,2015-09-15,2610,11.75
876209,2015-09-16,2610,11.8
877772,2015-09-17,2610,11.75
879335,2015-09-18,2610,11.55
880898,2015-09-21,2610,11.5
882461,2015-09-22,2610,11.45
884024,2015-09-23,2610,11.2
885587,2015-09-24,2610,11.1
887150,2015-09-25,2610,11.05
888714,2015-09-30,2610,11.25
890278,2015-10-01,2610,11.85
891843,2015-10-02,2610,11.6
893408,2015-10-05,2610,11.75
894973,2015-10-06,2610,11.6
896538,2015-10-07,2610,11.1
898103,2015-10-08,2610,11.0
899669,2015-10-12,2610,11.0
901236,2015-10-13,2610,11.3
902803,2015-10-14,2610,11.1
904370,2015-10-15,2610,11.25
905937,2015-10-16,2610,11.55
907504,2015-10-19,2610,11.75
909071,2015-10-20,2610,11.65
910638,2015-10-21,2610,11.7
912206,2015-10-22,2610,12.0
913774,2015-10-23,2610,11.95
915342,2015-10-26,2610,12.15
916910,2015-10-27,2610,12.05
918480,2015-10-28,2610,11.85
920050,2015-10-29,2610,11.55
921620,2015-10-30,2610,11.65
923190,2015-11-02,2610,11.7
924760,2015-11-03,2610,11.85
926331,2015-11-04,2610,12.0
927902,2015-11-05,2610,11.9
929473,2015-11-06,2610,11.75
931044,2015-11-09,2610,11.95
932616,2015-11-10,2610,11.8
934188,2015-11-11,2610,11.6
935760,2015-11-12,2610,11.6
937332,2015-11-13,2610,11.5
938905,2015-11-16,2610,11.05
940478,2015-11-17,2610,11.15
942052,2015-11-18,2610,11.15
943626,2015-11-19,2610,11.1
945200,2015-11-20,2610,11.2
946775,2015-11-23,2610,11.3
948351,2015-11-24,2610,10.9
949927,2015-11-25,2610,11.05
951503,2015-11-26,2610,11.0
953079,2015-11-27,2610,10.9
954655,2015-11-30,2610,10.8
956231,2015-12-01,2610,10.9
957807,2015-12-02,2610,10.9
959384,2015-12-03,2610,10.9
960961,2015-12-04,2610,10.85
962539,2015-12-07,2610,10.8
964117,2015-12-08,2610,10.75
965695,2015-12-09,2610,11.2
967273,2015-12-10,2610,11.0
968850,2015-12-11,2610,10.95
970427,2015-12-14,2610,11.1
972004,2015-12-15,2610,11.05
973583,2015-12-16,2610,11.1
975165,2015-12-17,2610,11.1
976747,2015-12-18,2610,11.25
978329,2015-12-21,2610,11.85
979911,2015-12-22,2610,11.75
981495,2015-12-23,2610,11.9
983080,2015-12-24,2610,11.85
984666,2015-12-25,2610,12.05
986252,2015-12-28,2610,12.0
987839,2015-12-29,2610,11.9
989427,2015-12-30,2610,11.9
991015,2015-12-31,2610,12.0
992603,2016-01-04,2610,11.45
994191,2016-01-05,2610,11.35
995779,2016-01-06,2610,11.55
997369,2016-01-07,2610,11.6
998961,2016-01-08,2610,11.45
1000554,2016-01-11,2610,11.05
1002148,2016-01-12,2610,11.25
1003742,2016-01-13,2610,11.3
1005336,2016-01-14,2610,11.3
1006930,2016-01-15,2610,11.15
1008524,2016-01-18,2610,11.45
1010118,2016-01-19,2610,11.4
1011712,2016-01-20,2610,11.2
1013306,2016-01-21,2610,11.2
1014900,2016-01-22,2610,11.2
1016494,2016-01-25,2610,11.15
1018088,2016-01-26,2610,11.05
1019683,2016-01-27,2610,11.1
1021280,2016-01-28,2610,11.15
1022877,2016-01-29,2610,11.25
1024474,2016-01-30,2610,11.35
1026071,2016-02-01,2610,11.35
1027668,2016-02-02,2610,11.25
1029265,2016-02-03,2610,11.1
1030862,2016-02-15,2610,11.35
1032458,2016-02-16,2610,11.55
1034054,2016-02-17,2610,11.35
1035650,2016-02-18,2610,11.35
1037246,2016-02-19,2610,11.35
1038842,2016-02-22,2610,11.5
1040438,2016-02-23,2610,11.45
1042034,2016-02-24,2610,11.4
1043630,2016-02-25,2610,11.4
1045226,2016-02-26,2610,11.5
1046822,2016-03-01,2610,11.55
1048418,2016-03-02,2610,11.65
1050014,2016-03-03,2610,11.6
1051610,2016-03-04,2610,11.65
1053207,2016-03-07,2610,11.65
1054804,2016-03-08,2610,11.75
1056401,2016-03-09,2610,11.7
1057999,2016-03-10,2610,11.7
1059597,2016-03-11,2610,11.6
1061195,2016-03-14,2610,11.55
1062793,2016-03-15,2610,11.4
1064392,2016-03-16,2610,11.55
1065991,2016-03-17,2610,11.55
1067590,2016-03-18,2610,11.6
1069189,2016-03-21,2610,11.5
1070789,2016-03-22,2610,11.55
1072389,2016-03-23,2610,11.55
1073989,2016-03-24,2610,11.5
1075589,2016-03-25,2610,11.45
1077190,2016-03-28,2610,11.45
1078791,2016-03-29,2610,11.5
1080392,2016-03-30,2610,11.5
1081995,2016-03-31,2610,11.5
1083598,2016-04-01,2610,11.35
1085201,2016-04-06,2610,11.15
1086804,2016-04-07,2610,11.15
1088407,2016-04-08,2610,11.05
1090010,2016-04-11,2610,11.05
1091613,2016-04-12,2610,11.05
1093217,2016-04-13,2610,11.15
1094821,2016-04-14,2610,11.0
1096425,2016-04-15,2610,11.05
1098029,2016-04-18,2610,10.95
1099633,2016-04-19,2610,10.8
1101237,2016-04-20,2610,10.6
1102841,2016-04-21,2610,10.6
1104445,2016-04-22,2610,10.6
1106049,2016-04-25,2610,10.75
1107653,2016-04-26,2610,10.8
1109257,2016-04-27,2610,10.75
1110861,2016-04-28,2610,10.6
1112465,2016-04-29,2610,10.55
1114069,2016-05-03,2610,10.55
1115673,2016-05-04,2610,10.35
1117277,2016-05-05,2610,10.05
1118881,2016-05-06,2610,10.1
1120486,2016-05-09,2610,10.25
1122093,2016-05-10,2610,10.15
1123697,2016-05-11,2610,10.05
1125301,2016-05-12,2610,10.05
1126904,2016-05-13,2610,10.1
1128507,2016-05-16,2610,10.1
1130110,2016-05-17,2610,10.05
1131713,2016-05-18,2610,10.05
1133316,2016-05-19,2610,10.1
1134920,2016-05-20,2610,10.05
1136524,2016-05-23,2610,10.15
1138128,2016-05-24,2610,10.1
1139732,2016-05-25,2610,10.3
1141336,2016-05-26,2610,10.4
1142940,2016-05-27,2610,10.5
1144544,2016-05-30,2610,10.35
1146148,2016-05-31,2610,10.35
1147753,2016-06-01,2610,10.45
1149358,2016-06-02,2610,10.4
1150963,2016-06-03,2610,10.4
1152568,2016-06-04,2610,10.45
1154173,2016-06-06,2610,10.4
1155778,2016-06-07,2610,10.4
1157383,2016-06-08,2610,10.45
1158988,2016-06-13,2610,10.2
1160592,2016-06-14,2610,10.15
1162196,2016-06-15,2610,10.15
1163800,2016-06-16,2610,10.0
1165405,2016-06-17,2610,10.05
1167010,2016-06-20,2610,10.05
1168615,2016-06-21,2610,10.05
1170221,2016-06-22,2610,10.1
1171827,2016-06-23,2610,10.0
1173433,2016-06-24,2610,10.1
1175039,2016-06-27,2610,9.9
1176645,2016-06-28,2610,9.4
1178251,2016-06-29,2610,9.79
1179857,2016-06-30,2610,9.69
1181463,2016-07-01,2610,9.62
1183069,2016-07-04,2610,9.51
1184675,2016-07-05,2610,9.38
1186281,2016-07-06,2610,9.12
1187887,2016-07-07,2610,9.25
1189493,2016-07-11,2610,9.41
1191097,2016-07-12,2610,9.28
1192701,2016-07-13,2610,9.46
1194305,2016-07-14,2610,9.48
1195909,2016-07-15,2610,9.63
1197513,2016-07-18,2610,9.8
1199117,2016-07-19,2610,9.85
1200722,2016-07-20,2610,9.92
1202328,2016-07-21,2610,10.05
1203934,2016-07-22,2610,9.91
1205540,2016-07-25,2610,9.57
1207146,2016-07-26,2610,9.48
1208752,2016-07-27,2610,9.5
1210359,2016-07-28,2610,9.61
1211966,2016-07-29,2610,9.4
1213573,2016-08-01,2610,9.55
1215180,2016-08-02,2610,9.52
1216787,2016-08-03,2610,9.55
1218394,2016-08-04,2610,9.54
1220001,2016-08-05,2610,9.56
1221609,2016-08-08,2610,9.46
1223217,2016-08-09,2610,9.49
1224825,2016-08-10,2610,9.4
1226433,2016-08-11,2610,9.5
1228041,2016-08-12,2610,9.51
1229649,2016-08-15,2610,9.59
1231255,2016-08-16,2610,9.51
1232861,2016-08-17,2610,9.4
1234467,2016-08-18,2610,9.46
1236073,2016-08-19,2610,9.3
1237679,2016-08-22,2610,9.17
1239285,2016-08-23,2610,9.21
1240891,2016-08-24,2610,9.18
1242497,2016-08-25,2610,9.27
1244103,2016-08-26,2610,9.29
1245709,2016-08-29,2610,9.29
1247315,2016-08-30,2610,9.29
1248921,2016-08-31,2610,9.21
1250528,2016-09-01,2610,9.25
1252135,2016-09-02,2610,9.4
1253742,2016-09-05,2610,9.42
1255349,2016-09-06,2610,9.49
1256956,2016-09-07,2610,9.56
1258564,2016-09-08,2610,9.63
1260174,2016-09-09,2610,9.55
1261784,2016-09-10,2610,9.43
1263393,2016-09-12,2610,9.35
1265002,2016-09-13,2610,9.29
1266613,2016-09-14,2610,9.28
1268224,2016-09-19,2610,9.36
1269836,2016-09-20,2610,9.45
1271448,2016-09-21,2610,9.48
1273060,2016-09-22,2610,9.47
1274672,2016-09-23,2610,9.57
1276284,2016-09-26,2610,9.45
1277900,2016-09-29,2610,9.49
1279517,2016-09-30,2610,9.35
1281134,2016-10-03,2610,9.38
1282751,2016-10-04,2610,9.48
1284368,2016-10-05,2610,9.45
1285985,2016-10-06,2610,9.5
1287602,2016-10-07,2610,9.44
1289219,2016-10-11,2610,9.39
1290835,2016-10-12,2610,9.43
1292451,2016-10-13,2610,9.4
1294067,2016-10-14,2610,9.35
1295683,2016-10-17,2610,9.29
1297299,2016-10-18,2610,9.38
1298916,2016-10-19,2610,9.4
1300533,2016-10-20,2610,9.42
1302150,2016-10-21,2610,9.44
1303768,2016-10-24,2610,9.42
1305386,2016-10-25,2610,9.38
1307004,2016-10-26,2610,9.36
1308622,2016-10-27,2610,9.39
1310241,2016-10-28,2610,9.39
1311860,2016-10-31,2610,9.55
1313480,2016-11-01,2610,9.6
1315101,2016-11-02,2610,9.47
1316722,2016-11-03,2610,9.4
1318343,2016-11-04,2610,9.35
1319964,2016-11-07,2610,9.39
1321585,2016-11-08,2610,9.38
1323207,2016-11-09,2610,9.16
1324829,2016-11-10,2610,9.28
1326451,2016-11-11,2610,9.19
1328074,2016-11-14,2610,9.25
1329693,2016-11-15,2610,9.19
1331312,2016-11-16,2610,9.17
1332931,2016-11-17,2610,9.2
1334550,2016-11-18,2610,9.24
1336169,2016-11-21,2610,9.27
1337788,2016-11-22,2610,9.35
1339407,2016-11-23,2610,9.46
1341027,2016-11-24,2610,10.25
1342647,2016-11-25,2610,9.77
1344267,2016-11-28,2610,9.68
1345887,2016-11-29,2610,9.6
1347507,2016-11-30,2610,9.56
1349127,2016-12-01,2610,9.51
1350747,2016-12-02,2610,9.5
1352367,2016-12-05,2610,9.45
1353987,2016-12-06,2610,9.5
1355607,2016-12-07,2610,9.49
1357227,2016-12-08,2610,9.56
1358847,2016-12-09,2610,9.57
1360467,2016-12-12,2610,9.52
1362088,2016-12-13,2610,9.56
1363710,2016-12-14,2610,9.51
1365332,2016-12-15,2610,9.5
1366954,2016-12-16,2610,9.5
1368576,2016-12-19,2610,9.39
1370199,2016-12-20,2610,9.39
1371822,2016-12-21,2610,9.34
1373447,2016-12-22,2610,9.28
1375072,2016-12-23,2610,9.28
1376697,2016-12-26,2610,9.26
1378322,2016-12-27,2610,9.27
1379947,2016-12-28,2610,9.27
1381573,2016-12-29,2610,9.25
1383199,2016-12-30,2610,9.3
1384826,2017-01-03,2610,9.28
1386453,2017-01-04,2610,9.28
1388080,2017-01-05,2610,9.3
1389707,2017-01-06,2610,9.3
1391334,2017-01-09,2610,9.33
1392961,2017-01-10,2610,9.38
1394589,2017-01-11,2610,9.52
1396217,2017-01-12,2610,9.51
1397845,2017-01-13,2610,9.42
1399473,2017-01-16,2610,9.37
1401101,2017-01-17,2610,9.35
1402730,2017-01-18,2610,9.35
1404359,2017-01-19,2610,9.33
1405988,2017-01-20,2610,9.34
1407617,2017-01-23,2610,9.35
1409246,2017-01-24,2610,9.4
1410876,2017-02-02,2610,9.39
1412506,2017-02-03,2610,9.42
1414136,2017-02-06,2610,9.51
1415766,2017-02-07,2610,9.54
1417396,2017-02-08,2610,9.57
1419026,2017-02-09,2610,9.59
1420656,2017-02-10,2610,9.63
1422286,2017-02-13,2610,9.58
1423916,2017-02-14,2610,9.57
1425546,2017-02-15,2610,9.69
1427176,2017-02-16,2610,9.91
1428806,2017-02-17,2610,9.92
1430436,2017-02-18,2610,9.89
1432066,2017-02-20,2610,9.93
1433696,2017-02-21,2610,9.95
1435326,2017-02-22,2610,10.0
1436956,2017-02-23,2610,10.1
1438586,2017-02-24,2610,10.1
1440217,2017-03-01,2610,10.05
1441848,2017-03-02,2610,10.15
1443479,2017-03-03,2610,10.05
1445110,2017-03-06,2610,10.05
1446741,2017-03-07,2610,10.1
1448372,2017-03-08,2610,10.05
1450003,2017-03-09,2610,10.0
1451635,2017-03-10,2610,10.15
1453267,2017-03-13,2610,10.5
1454899,2017-03-14,2610,10.7
1456532,2017-03-15,2610,10.5
1458165,2017-03-16,2610,10.45
1459798,2017-03-17,2610,10.5
1461431,2017-03-20,2610,10.55
1463064,2017-03-21,2610,10.45
1464698,2017-03-22,2610,10.35
1466332,2017-03-23,2610,10.4
1467966,2017-03-24,2610,10.5
1469600,2017-03-27,2610,10.5
1471234,2017-03-28,2610,10.5
1472869,2017-03-29,2610,10.5
1474504,2017-03-30,2610,10.45
1476135,2017-03-31,2610,10.55
1477766,2017-04-05,2610,9.93
1479397,2017-04-06,2610,9.56
1481028,2017-04-07,2610,9.46
1482659,2017-04-10,2610,9.33
1484289,2017-04-11,2610,9.3
1485919,2017-04-12,2610,9.28
1487549,2017-04-13,2610,9.34
1489179,2017-04-14,2610,9.27
1490809,2017-04-17,2610,9.27
1492439,2017-04-18,2610,9.26
1494069,2017-04-19,2610,9.2
1495700,2017-04-20,2610,9.2
1497332,2017-04-21,2610,9.2
1498964,2017-04-24,2610,9.26
1500597,2017-04-25,2610,9.45
1502231,2017-04-26,2610,9.4
1503865,2017-04-27,2610,9.34
1505500,2017-04-28,2610,9.35
1507136,2017-05-02,2610,9.33
1508772,2017-05-03,2610,9.32
1510408,2017-05-04,2610,9.3
1512044,2017-05-05,2610,9.3
1513681,2017-05-08,2610,9.21
1515318,2017-05-09,2610,9.19
1516955,2017-05-10,2610,9.15
1518592,2017-05-11,2610,9.38
1520229,2017-05-12,2610,9.38
1521866,2017-05-15,2610,9.28
1523503,2017-05-16,2610,9.12
1525140,2017-05-17,2610,9.21
1526777,2017-05-18,2610,9.19
1528414,2017-05-19,2610,9.17
1530051,2017-05-22,2610,9.16
1531688,2017-05-23,2610,9.11
1533325,2017-05-24,2610,9.11
1534962,2017-05-25,2610,9.15
1536599,2017-05-26,2610,9.21
1538237,2017-05-31,2610,9.21
1539875,2017-06-01,2610,9.16
1541514,2017-06-02,2610,9.12
1543153,2017-06-03,2610,9.14
1544792,2017-06-05,2610,9.12
1546431,2017-06-06,2610,9.07
1548070,2017-06-07,2610,9.06
1549709,2017-06-08,2610,9.11
1551350,2017-06-09,2610,9.07
1552991,2017-06-12,2610,9.08
1554632,2017-06-13,2610,9.12
1556273,2017-06-14,2610,9.09
1557915,2017-06-15,2610,9.13
1559557,2017-06-16,2610,9.12
1561199,2017-06-19,2610,9.06
1562841,2017-06-20,2610,9.08
1564483,2017-06-21,2610,9.12
1566125,2017-06-22,2610,9.29
1567767,2017-06-23,2610,9.34
1569409,2017-06-26,2610,9.32
1571052,2017-06-27,2610,9.31
1572695,2017-06-28,2610,9.26
1574338,2017-06-29,2610,9.25
1575981,2017-06-30,2610,9.23
1577624,2017-07-03,2610,9.38
1579267,2017-07-04,2610,9.31
1580910,2017-07-05,2610,9.31
1582553,2017-07-06,2610,9.26
1584195,2017-07-07,2610,9.2
1585837,2017-07-10,2610,9.24
1587479,2017-07-11,2610,9.27
1589121,2017-07-12,2610,9.37
1590763,2017-07-13,2610,9.29
1592405,2017-07-14,2610,9.24
1594047,2017-07-17,2610,9.24
1595689,2017-07-18,2610,9.24
1597331,2017-07-19,2610,9.28
1598973,2017-07-20,2610,9.29
1600615,2017-07-21,2610,9.24
1602257,2017-07-24,2610,9.24
1603899,2017-07-25,2610,9.19
1605541,2017-07-26,2610,9.13
1607183,2017-07-27,2610,9.13
1608825,2017-07-28,2610,9.1
1610467,2017-07-31,2610,9.28
1612109,2017-08-01,2610,9.12
1613750,2017-08-02,2610,9.16
1615391,2017-08-03,2610,9.26
1617032,2017-08-04,2610,9.33
1618673,2017-08-07,2610,9.49
1620314,2017-08-08,2610,9.4
1621955,2017-08-09,2610,9.21
1623596,2017-08-10,2610,9.21
1625237,2017-08-11,2610,9.21
1626877,2017-08-14,2610,9.34
1628517,2017-08-15,2610,9.74
1630157,2017-08-16,2610,10.15
1631797,2017-08-17,2610,10.5
1633437,2017-08-18,2610,11.2
1635077,2017-08-21,2610,11.6
1636719,2017-08-22,2610,11.75
1638361,2017-08-23,2610,12.3
1640003,2017-08-24,2610,12.05
1641645,2017-08-25,2610,12.1
1643287,2017-08-28,2610,12.25
1644929,2017-08-29,2610,12.3
1646571,2017-08-30,2610,12.3
1648213,2017-08-31,2610,12.8
1649855,2017-09-01,2610,12.9
1651498,2017-09-04,2610,12.75
1653142,2017-09-05,2610,13.0
1654786,2017-09-06,2610,12.55
1656430,2017-09-07,2610,12.3
1658074,2017-09-08,2610,12.95
1659718,2017-09-11,2610,13.3
1661361,2017-09-12,2610,12.9
1663004,2017-09-13,2610,12.5
1664647,2017-09-14,2610,12.85
1666290,2017-09-15,2610,12.5
1667933,2017-09-18,2610,12.15
1669576,2017-09-19,2610,12.35
1671219,2017-09-20,2610,12.1
1672862,2017-09-21,2610,12.1
1674505,2017-09-22,2610,11.6
1676148,2017-09-25,2610,11.7
1677791,2017-09-26,2610,11.35
1679438,2017-09-27,2610,11.35
1681086,2017-09-28,2610,11.35
1682734,2017-09-29,2610,11.45
1684382,2017-09-30,2610,11.3
1686030,2017-10-02,2610,11.45
1687678,2017-10-03,2610,11.2
1689326,2017-10-05,2610,11.6
1690974,2017-10-06,2610,11.5
1692622,2017-10-11,2610,11.6
1694270,2017-10-12,2610,11.45
1695918,2017-10-13,2610,11.5
1697566,2017-10-16,2610,11.8
1699214,2017-10-17,2610,11.55
1700862,2017-10-18,2610,11.3
1702510,2017-10-19,2610,11.35
1704158,2017-10-20,2610,11.25
1705806,2017-10-23,2610,11.65
1707454,2017-10-24,2610,12.2
1709102,2017-10-25,2610,12.3
1710750,2017-10-26,2610,12.35
1712399,2017-10-27,2610,12.2
1714048,2017-10-30,2610,12.3
1715697,2017-10-31,2610,12.3
1717347,2017-11-01,2610,12.15
1718997,2017-11-02,2610,11.9
1720647,2017-11-03,2610,12.15
1722298,2017-11-06,2610,11.8
1723949,2017-11-07,2610,11.3
1725600,2017-11-08,2610,11.1
1727251,2017-11-09,2610,11.0
1728902,2017-11-10,2610,11.25
1730553,2017-11-13,2610,11.3
1732203,2017-11-14,2610,11.3
1733848,2017-11-15,2610,11.1
1735493,2017-11-16,2610,10.95
1737138,2017-11-17,2610,11.3
1738783,2017-11-20,2610,11.2
1740428,2017-11-21,2610,11.45
1742073,2017-11-22,2610,11.4
1743718,2017-11-23,2610,11.4
1745364,2017-11-24,2610,11.45
1747011,2017-11-27,2610,11.35
1748658,2017-11-28,2610,11.5
1750305,2017-11-29,2610,11.45
1751952,2017-11-30,2610,11.55
1753599,2017-12-01,2610,12.0
1755246,2017-12-04,2610,12.15
1756893,2017-12-05,2610,12.05
1758541,2017-12-06,2610,11.8
1760189,2017-12-07,2610,11.7
1761837,2017-12-08,2610,11.8
1763484,2017-12-11,2610,12.05
1765131,2017-12-12,2610,12.05
1766778,2017-12-13,2610,11.95
1768425,2017-12-14,2610,12.2
1770072,2017-12-15,2610,12.25
1771719,2017-12-18,2610,12.2
1773366,2017-12-19,2610,12.15
1775013,2017-12-20,2610,12.1
1776660,2017-12-21,2610,12.1
1778307,2017-12-22,2610,12.15
1779954,2017-12-25,2610,11.8
1781601,2017-12-26,2610,11.5
1783248,2017-12-27,2610,11.5
1784895,2017-12-28,2610,11.65
1786544,2017-12-29,2610,11.65
1788194,2018-01-02,2610,12.0
1789844,2018-01-03,2610,12.1
1791494,2018-01-04,2610,12.4
1793146,2018-01-05,2610,12.5
1794798,2018-01-08,2610,12.25
1796450,2018-01-09,2610,12.6
1798103,2018-01-10,2610,12.55
1799758,2018-01-11,2610,12.7
1801414,2018-01-12,2610,12.75
1803070,2018-01-15,2610,12.5
1804726,2018-01-16,2610,12.55
1806382,2018-01-17,2610,12.65
1808038,2018-01-18,2610,12.65
1809694,2018-01-19,2610,12.6
1811351,2018-01-22,2610,12.25
1813010,2018-01-23,2610,12.35
1814671,2018-01-24,2610,12.5
1816332,2018-01-25,2610,12.5
1817993,2018-01-26,2610,12.3
1819654,2018-01-29,2610,12.1
1821315,2018-01-30,2610,12.25
1822977,2018-01-31,2610,12.1
1824639,2018-02-01,2610,12.25
1826301,2018-02-02,2610,12.15
1827963,2018-02-05,2610,11.9
1829626,2018-02-06,2610,11.4
1831289,2018-02-07,2610,11.7
1832953,2018-02-08,2610,11.65
1834617,2018-02-09,2610,11.25
1836281,2018-02-12,2610,11.3
1837945,2018-02-21,2610,11.4
1839609,2018-02-22,2610,11.3
1841274,2018-02-23,2610,11.35
1842939,2018-02-26,2610,11.65
1844604,2018-02-27,2610,11.5
1846269,2018-03-01,2610,11.3
1847934,2018-03-02,2610,11.25
1849599,2018-03-05,2610,11.05
1851264,2018-03-06,2610,11.1
1852929,2018-03-07,2610,11.05
1854594,2018-03-08,2610,11.05
1856258,2018-03-09,2610,11.1
1857922,2018-03-12,2610,11.2
1859586,2018-03-13,2610,11.25
1861250,2018-03-14,2610,11.25
1862914,2018-03-15,2610,11.15
1864578,2018-03-16,2610,11.2
1866242,2018-03-19,2610,11.1
1867906,2018-03-20,2610,11.0
1869570,2018-03-21,2610,11.0
1871234,2018-03-22,2610,11.0
1872898,2018-03-23,2610,10.75
1874563,2018-03-26,2610,10.6
1876228,2018-03-27,2610,10.75
1877893,2018-03-28,2610,10.7
1879560,2018-03-29,2610,10.65
1881227,2018-03-30,2610,10.65
1882893,2018-03-31,2610,10.8
1884559,2018-04-02,2610,10.75
1886226,2018-04-03,2610,10.55
1887893,2018-04-09,2610,10.75
1889560,2018-04-10,2610,10.6
1891227,2018-04-11,2610,10.5
1892894,2018-04-12,2610,10.65
1894561,2018-04-13,2610,10.55
1896229,2018-04-16,2610,10.55
1897899,2018-04-17,2610,10.45
1899570,2018-04-18,2610,10.45
1901241,2018-04-19,2610,10.5
1902912,2018-04-20,2610,10.5
1904583,2018-04-23,2610,10.3
1906254,2018-04-24,2610,10.4
1907925,2018-04-25,2610,10.4
1909596,2018-04-26,2610,10.4
1911268,2018-04-27,2610,10.45
1912940,2018-04-30,2610,10.85
1914613,2018-05-02,2610,10.5
1916286,2018-05-03,2610,10.35
1917959,2018-05-04,2610,10.35
1919632,2018-05-07,2610,10.3
1921305,2018-05-08,2610,10.3
1922978,2018-05-09,2610,10.35
1924652,2018-05-10,2610,10.2
1926326,2018-05-11,2610,10.2
1928000,2018-05-14,2610,10.2
1929674,2018-05-15,2610,10.05
1931348,2018-05-16,2610,10.05
1933022,2018-05-17,2610,10.0
1934696,2018-05-18,2610,10.0
1936370,2018-05-21,2610,10.0
1938044,2018-05-22,2610,10.0
1939718,2018-05-23,2610,10.0
1941392,2018-05-24,2610,10.0
1943065,2018-05-25,2610,10.0
1944738,2018-05-28,2610,10.2
1946411,2018-05-29,2610,10.15
1948085,2018-05-30,2610,10.05
1949759,2018-05-31,2610,10.15
1951433,2018-06-01,2610,10.05
1953107,2018-06-04,2610,10.05
1954781,2018-06-05,2610,10.15
1956456,2018-06-06,2610,10.15
1958131,2018-06-07,2610,10.35
1959806,2018-06-08,2610,10.15
1961481,2018-06-11,2610,10.1
1963157,2018-06-12,2610,10.1
1964833,2018-06-13,2610,10.05
1966509,2018-06-14,2610,10.0
1968185,2018-06-15,2610,10.15
1969861,2018-06-19,2610,10.0
1971537,2018-06-20,2610,9.87
1973213,2018-06-21,2610,9.95
1974889,2018-06-22,2610,9.85
1976565,2018-06-25,2610,9.85
1978241,2018-06-26,2610,9.67
1979917,2018-06-27,2610,9.56
1981593,2018-06-28,2610,9.43
1983270,2018-06-29,2610,9.52
1984948,2018-07-02,2610,9.44
1986627,2018-07-03,2610,9.3
1988306,2018-07-04,2610,9.37
1989985,2018-07-05,2610,9.37
1991664,2018-07-06,2610,9.31
1993343,2018-07-09,2610,9.41
1995022,2018-07-10,2610,9.41
1996702,2018-07-11,2610,9.43
1998382,2018-07-12,2610,9.45
2000064,2018-07-13,2610,9.64
2001746,2018-07-16,2610,9.5
2003429,2018-07-17,2610,9.52
2005112,2018-07-18,2610,9.6
2006796,2018-07-19,2610,9.76
2008480,2018-07-20,2610,9.84
2010164,2018-07-23,2610,9.8
2011848,2018-07-24,2610,9.8
2013532,2018-07-25,2610,9.81
2015216,2018-07-26,2610,9.87
2016900,2018-07-27,2610,9.9
2018584,2018-07-30,2610,9.79
2020268,2018-07-31,2610,9.89
2021952,2018-08-01,2610,9.93
2023636,2018-08-02,2610,9.79
2025320,2018-08-03,2610,9.77
2027004,2018-08-06,2610,9.75
2028688,2018-08-07,2610,9.78
2030373,2018-08-08,2610,9.7
2032058,2018-08-09,2610,9.44
2033743,2018-08-10,2610,9.4
2035427,2018-08-13,2610,9.22
2037109,2018-08-14,2610,9.19
2038789,2018-08-15,2610,9.15
2040471,2018-08-16,2610,9.14
2042153,2018-08-17,2610,9.12
2043835,2018-08-20,2610,9.13
2045517,2018-08-21,2610,9.29
2047199,2018-08-22,2610,9.44
2048881,2018-08-23,2610,9.41
2050563,2018-08-24,2610,9.41
2052244,2018-08-27,2610,9.4
2053925,2018-08-28,2610,9.43
2055606,2018-08-29,2610,9.39
2057287,2018-08-30,2610,9.34
2058968,2018-08-31,2610,9.41
2060649,2018-09-03,2610,9.34
2062330,2018-09-04,2610,9.44
2064011,2018-09-05,2610,9.4
2065692,2018-09-06,2610,9.41
2067373,2018-09-07,2610,9.25
2069054,2018-09-10,2610,9.16
2070735,2018-09-11,2610,9.18
2072416,2018-09-12,2610,9.21
2074099,2018-09-13,2610,9.19
2075782,2018-09-14,2610,9.27
2077465,2018-09-17,2610,9.21
2079148,2018-09-18,2610,9.23
2080832,2018-09-19,2610,9.27
2082516,2018-09-20,2610,9.28
2084199,2018-09-21,2610,9.32
2085883,2018-09-25,2610,9.29
2087567,2018-09-26,2610,9.26
2089251,2018-09-27,2610,9.27
2090935,2018-09-28,2610,9.25
2092619,2018-10-01,2610,9.35
2094304,2018-10-02,2610,9.4
2095989,2018-10-03,2610,9.45
2097675,2018-10-04,2610,9.28
2099361,2018-10-05,2610,9.4
2101047,2018-10-08,2610,9.3
2102733,2018-10-09,2610,9.4
2104419,2018-10-11,2610,8.98
2106105,2018-10-12,2610,9.07
2107791,2018-10-15,2610,9.01
2109477,2018-10-16,2610,9.04
2111163,2018-10-17,2610,9.07
2112850,2018-10-18,2610,9.07
2114537,2018-10-19,2610,9.1
2116225,2018-10-22,2610,9.17
2117913,2018-10-23,2610,9.12
2119603,2018-10-24,2610,9.2
2121293,2018-10-25,2610,9.12
2122983,2018-10-26,2610,9.04
2124673,2018-10-29,2610,9.07
2126364,2018-10-30,2610,9.13
2128055,2018-10-31,2610,9.16
2129746,2018-11-01,2610,9.19
2131437,2018-11-02,2610,9.39
2133128,2018-11-05,2610,9.57
2134819,2018-11-06,2610,9.6
2136510,2018-11-07,2610,9.65
2138201,2018-11-08,2610,9.89
2139892,2018-11-09,2610,9.65
2141583,2018-11-12,2610,9.94
2143274,2018-11-13,2610,9.95
2144965,2018-11-14,2610,10.2
2146654,2018-11-15,2610,10.25
2148343,2018-11-16,2610,10.2
2150032,2018-11-19,2610,10.3
2151723,2018-11-20,2610,10.15
2153414,2018-11-21,2610,10.25
2155105,2018-11-22,2610,10.15
2156796,2018-11-23,2610,10.05
2158487,2018-11-26,2610,10.25
2160178,2018-11-27,2610,10.3
2161869,2018-11-28,2610,10.95
2163563,2018-11-29,2610,11.2
2165257,2018-11-30,2610,11.0
2166951,2018-12-03,2610,10.9
2168645,2018-12-04,2610,10.75
2170339,2018-12-05,2610,10.75
2172034,2018-12-06,2610,10.5
2173729,2018-12-07,2610,10.8
2175424,2018-12-10,2610,10.5
2177117,2018-12-11,2610,10.45
2178811,2018-12-12,2610,10.55
2180506,2018-12-13,2610,10.7
2182201,2018-12-14,2610,10.65
2183897,2018-12-17,2610,11.0
2185593,2018-12-18,2610,10.95
2187290,2018-12-19,2610,11.15
2188987,2018-12-20,2610,11.05
2190684,2018-12-21,2610,11.05
2192381,2018-12-22,2610,11.05
2194079,2018-12-24,2610,11.05
2195778,2018-12-25,2610,10.9
2197477,2018-12-26,2610,10.9
2199176,2018-12-27,2610,10.9
2200875,2018-12-28,2610,11.0
2202574,2019-01-02,2610,10.95
2204273,2019-01-03,2610,10.95
2205972,2019-01-04,2610,10.8
2207671,2019-01-07,2610,11.05
2209370,2019-01-08,2610,11.2
2211069,2019-01-09,2610,11.15
2212768,2019-01-10,2610,10.95
2214467,2019-01-11,2610,10.7
2216166,2019-01-14,2610,10.7
2217866,2019-01-15,2610,11.1
2219567,2019-01-16,2610,11.0
2221268,2019-01-17,2610,10.95
2222970,2019-01-18,2610,11.0
2224673,2019-01-21,2610,10.9
2226376,2019-01-22,2610,10.65
2228079,2019-01-23,2610,10.5
2229783,2019-01-24,2610,10.7
2231487,2019-01-25,2610,10.7
2233191,2019-01-28,2610,10.45
2234895,2019-01-29,2610,10.6
2236599,2019-01-30,2610,10.55
2238303,2019-02-11,2610,10.2
2240007,2019-02-12,2610,10.2
2241711,2019-02-13,2610,10.2
2243415,2019-02-14,2610,10.15
2245119,2019-02-15,2610,10.1
2246823,2019-02-18,2610,10.0
2248528,2019-02-19,2610,10.0
2250233,2019-02-20,2610,9.98
2251938,2019-02-21,2610,10.1
2253643,2019-02-22,2610,10.1
2255348,2019-02-25,2610,10.15
2257053,2019-02-26,2610,10.2
2258758,2019-02-27,2610,10.15
2260463,2019-03-04,2610,10.15
2262168,2019-03-05,2610,10.1
2263873,2019-03-06,2610,10.05
2265578,2019-03-07,2610,10.0
2267284,2019-03-08,2610,10.0
2268990,2019-03-11,2610,9.93
2270696,2019-03-12,2610,9.94
2272402,2019-03-13,2610,9.93
2274108,2019-03-14,2610,9.81
2275814,2019-03-15,2610,9.75
2277520,2019-03-18,2610,9.83
2279226,2019-03-19,2610,9.7
2280932,2019-03-20,2610,9.62
2282638,2019-03-21,2610,9.85
2284345,2019-03-22,2610,9.87
2286052,2019-03-25,2610,9.89
2287759,2019-03-26,2610,9.92
2289467,2019-03-27,2610,9.86
2291176,2019-03-28,2610,9.83
2292884,2019-03-29,2610,9.86
2294586,2019-04-01,2610,9.79
2296288,2019-04-02,2610,9.76
2297990,2019-04-03,2610,9.91
2299692,2019-04-08,2610,9.93
2301394,2019-04-09,2610,9.93
2303096,2019-04-10,2610,9.87
2304799,2019-04-11,2610,9.88
2306502,2019-04-12,2610,9.89
2308205,2019-04-15,2610,10.0
2309908,2019-04-16,2610,9.98
2311611,2019-04-17,2610,9.95
2313315,2019-04-18,2610,9.8
2315019,2019-04-19,2610,9.73
2316723,2019-04-22,2610,9.72
2318427,2019-04-23,2610,9.71
2320132,2019-04-24,2610,9.63
2321837,2019-04-25,2610,9.66
2323542,2019-04-26,2610,9.71
2325247,2019-04-29,2610,9.82
2326952,2019-04-30,2610,9.8
2328657,2019-05-02,2610,9.73
2330362,2019-05-03,2610,9.75
2332067,2019-05-06,2610,9.62
2333773,2019-05-07,2610,9.63
2335479,2019-05-08,2610,9.55
2337185,2019-05-09,2610,9.26
2338892,2019-05-10,2610,9.26
2340599,2019-05-13,2610,9.3
2342306,2019-05-14,2610,9.33
2344012,2019-05-15,2610,9.58
2345718,2019-05-16,2610,9.48
2347424,2019-05-17,2610,9.35
2349130,2019-05-20,2610,9.51
2350836,2019-05-21,2610,9.51
2352542,2019-05-22,2610,9.47
2354248,2019-05-23,2610,9.42
2355954,2019-05-24,2610,9.55
2357661,2019-05-27,2610,9.67
2359368,2019-05-28,2610,9.6
2361076,2019-05-29,2610,9.59
2362784,2019-05-30,2610,9.57
2364492,2019-05-31,2610,9.74
2366200,2019-06-03,2610,9.69
2367908,2019-06-04,2610,9.7
2369616,2019-06-05,2610,9.7
2371325,2019-06-06,2610,9.79
2373035,2019-06-10,2610,9.74
2374745,2019-06-11,2610,9.85
2376455,2019-06-12,2610,9.83
2378165,2019-06-13,2610,9.86
2379875,2019-06-14,2610,9.7
2381585,2019-06-17,2610,9.83
2383295,2019-06-18,2610,9.8
2385005,2019-06-19,2610,9.89
2386715,2019-06-20,2610,10.2
2388425,2019-06-21,2610,10.3
2390135,2019-06-24,2610,10.15
2391845,2019-06-25,2610,10.0
2393555,2019-06-26,2610,9.93
2395265,2019-06-27,2610,9.96
2396975,2019-06-28,2610,9.84
2398686,2019-07-01,2610,9.75
2400397,2019-07-02,2610,9.69
2402108,2019-07-03,2610,9.73
2403819,2019-07-04,2610,9.79
2405530,2019-07-05,2610,9.87
2407241,2019-07-08,2610,9.85
2408952,2019-07-09,2610,9.81
2410662,2019-07-10,2610,9.86
2412371,2019-07-11,2610,9.86
2414080,2019-07-12,2610,9.87
2415789,2019-07-15,2610,9.91
2417498,2019-07-16,2610,9.86
2419207,2019-07-17,2610,9.83
2420916,2019-07-18,2610,9.76
2422625,2019-07-19,2610,9.84
2424334,2019-07-22,2610,9.89
2426043,2019-07-23,2610,9.65
2427752,2019-07-24,2610,9.6
2429461,2019-07-25,2610,9.59
2431170,2019-07-26,2610,9.5
2432879,2019-07-29,2610,9.45
2434588,2019-07-30,2610,9.45
2436297,2019-07-31,2610,9.56
2438006,2019-08-01,2610,9.39
2439715,2019-08-02,2610,9.27
2441424,2019-08-05,2610,9.33
2443133,2019-08-06,2610,9.2
2444842,2019-08-07,2610,9.24
2446551,2019-08-08,2610,9.23
2448260,2019-08-12,2610,9.19
2449966,2019-08-13,2610,9.1
2451671,2019-08-14,2610,9.1
2453377,2019-08-15,2610,9.04
2455083,2019-08-16,2610,9.35
2456789,2019-08-19,2610,9.3
2458495,2019-08-20,2610,9.2
2460201,2019-08-21,2610,9.22
2461907,2019-08-22,2610,9.15
2463613,2019-08-23,2610,9.2
2465319,2019-08-26,2610,9.09
2467025,2019-08-27,2610,9.18
2468731,2019-08-28,2610,9.15
2470437,2019-08-29,2610,9.09
2472143,2019-08-30,2610,9.24
2473849,2019-09-02,2610,9.23
2475555,2019-09-03,2610,9.2
2477261,2019-09-04,2610,9.21
2478968,2019-09-05,2610,9.22
2480675,2019-09-06,2610,9.23
2482382,2019-09-09,2610,9.23
2484089,2019-09-10,2610,9.21
2485797,2019-09-11,2610,9.16
2487505,2019-09-12,2610,9.21
2489213,2019-09-16,2610,9.12
2490922,2019-09-17,2610,9.11
2492633,2019-09-18,2610,9.24
2494344,2019-09-19,2610,9.18
2496055,2019-09-20,2610,9.21
2497766,2019-09-23,2610,9.21
2499478,2019-09-24,2610,9.15
2501190,2019-09-25,2610,9.1
2502903,2019-09-26,2610,9.09
2504616,2019-09-27,2610,9.08
2506329,2019-10-01,2610,9.1
2508042,2019-10-02,2610,9.11
2509755,2019-10-03,2610,9.07
2511468,2019-10-04,2610,9.07
2513181,2019-10-07,2610,9.1
2514894,2019-10-08,2610,9.11
2516607,2019-10-09,2610,9.06
2518320,2019-10-14,2610,9.06
2520033,2019-10-15,2610,9.06
2521746,2019-10-16,2610,9.16
2523459,2019-10-17,2610,9.18
2525172,2019-10-18,2610,9.19
2526885,2019-10-21,2610,9.2
2528598,2019-10-22,2610,9.22
2530311,2019-10-23,2610,9.13
2532024,2019-10-24,2610,9.13
2533737,2019-10-25,2610,9.13
2535450,2019-10-28,2610,9.09
2537163,2019-10-29,2610,9.07
2538876,2019-10-30,2610,9.1
2540590,2019-10-31,2610,9.06
2542304,2019-11-01,2610,9.07
2544018,2019-11-04,2610,9.1
2545732,2019-11-05,2610,9.09
2547446,2019-11-06,2610,9.06
2549160,2019-11-07,2610,9.08
2550874,2019-11-08,2610,9.05
2552588,2019-11-11,2610,9.04
2554302,2019-11-12,2610,9.03
2556016,2019-11-13,2610,9.03
2557728,2019-11-14,2610,9.03
2559440,2019-11-15,2610,9.04
2561152,2019-11-18,2610,9.05
2562864,2019-11-19,2610,9.09
2564576,2019-11-20,2610,9.1
2566288,2019-11-21,2610,9.05
2568000,2019-11-22,2610,9.05
2569712,2019-11-25,2610,9.05
2571425,2019-11-26,2610,9.01
2573138,2019-11-27,2610,9.03
2574851,2019-11-28,2610,9.03
2576564,2019-11-29,2610,9.01
2578277,2019-12-02,2610,9.01
2579990,2019-12-03,2610,9.04
2581703,2019-12-04,2610,9.0
2583416,2019-12-05,2610,9.0
2585130,2019-12-06,2610,9.01
2586844,2019-12-09,2610,9.04
2588559,2019-12-10,2610,9.05
2590274,2019-12-11,2610,9.01
2591989,2019-12-12,2610,9.02
2593705,2019-12-13,2610,9.07
2595421,2019-12-16,2610,9.05
2597137,2019-12-17,2610,9.09
2598853,2019-12-18,2610,9.08
2600569,2019-12-19,2610,9.15
2602286,2019-12-20,2610,9.06
2604003,2019-12-23,2610,9.12
2605720,2019-12-24,2610,9.12
2607437,2019-12-25,2610,9.14
2609155,2019-12-26,2610,9.13
2610874,2019-12-27,2610,9.12
2612593,2019-12-30,2610,9.1
2614312,2019-12-31,2610,9.06
2616031,2020-01-02,2610,9.12
2617750,2020-01-03,2610,9.06
2619469,2020-01-06,2610,9.01
2621189,2020-01-07,2610,9.02
2622909,2020-01-08,2610,9.0
2624629,2020-01-09,2610,9.0
2626349,2020-01-10,2610,9.05
2628069,2020-01-13,2610,9.03
2629789,2020-01-14,2610,9.05
2631509,2020-01-15,2610,9.01
2633229,2020-01-16,2610,9.0
2634949,2020-01-17,2610,8.99
2636669,2020-01-20,2610,8.98
2638389,2020-01-30,2610,8.09
2640109,2020-01-31,2610,8.02
2641829,2020-02-03,2610,7.93
2643549,2020-02-04,2610,8.05
2645269,2020-02-05,2610,8.07
2646989,2020-02-06,2610,8.34
2648709,2020-02-07,2610,8.32
2650429,2020-02-10,2610,8.3
2652149,2020-02-11,2610,8.29
2653869,2020-02-12,2610,8.38
2655589,2020-02-13,2610,8.5
2657308,2020-02-14,2610,8.48
2659027,2020-02-17,2610,8.42
2660746,2020-02-18,2610,8.4
2662465,2020-02-19,2610,8.56
2664184,2020-02-20,2610,8.6
2665903,2020-02-21,2610,8.63
2667622,2020-02-24,2610,8.4
2669341,2020-02-25,2610,8.4
2671060,2020-02-26,2610,8.24
2672779,2020-02-27,2610,8.16
2674499,2020-03-02,2610,8.06
2676219,2020-03-03,2610,8.01
2677939,2020-03-04,2610,8.2
2679659,2020-03-05,2610,8.32
2681379,2020-03-06,2610,8.1
2683099,2020-03-09,2610,7.98
2684822,2020-03-10,2610,8.1
2686545,2020-03-11,2610,7.99
2688268,2020-03-12,2610,7.66
2689991,2020-03-13,2610,7.28
2691714,2020-03-16,2610,6.98
2693437,2020-03-17,2610,6.49
2695160,2020-03-18,2610,6.0
2696883,2020-03-19,2610,5.5
2698606,2020-03-20,2610,5.74
2700329,2020-03-23,2610,6.1
2702052,2020-03-24,2610,6.38
2703775,2020-03-25,2610,7.01
2705498,2020-03-26,2610,7.01
2707221,2020-03-27,2610,6.8
2708944,2020-03-30,2610,6.76
2710665,2020-03-31,2610,6.61
2712386,2020-04-01,2610,6.53
2714107,2020-04-06,2610,6.49
2715828,2020-04-07,2610,6.63
2717549,2020-04-08,2610,7.03
2719270,2020-04-09,2610,7.32
2720991,2020-04-10,2610,7.22
2722710,2020-04-13,2610,7.18
2724429,2020-04-14,2610,7.23
2726148,2020-04-15,2610,7.42
2727868,2020-04-16,2610,7.18
2729588,2020-04-17,2610,7.17
2731308,2020-04-20,2610,7.08
2733028,2020-04-21,2610,7.0
2734748,2020-04-22,2610,6.98
2736468,2020-04-23,2610,7.04
2738188,2020-04-24,2610,7.03
2739908,2020-04-27,2610,7.12
2741628,2020-04-28,2610,7.59
2743348,2020-04-29,2610,8.12
2745068,2020-04-30,2610,8.25
2746788,2020-05-04,2610,8.0
2748508,2020-05-05,2610,7.91
2750228,2020-05-06,2610,7.7
2751948,2020-05-07,2610,7.79
2753668,2020-05-08,2610,7.81
2755388,2020-05-11,2610,8.06
2757108,2020-05-12,2610,8.13
2758828,2020-05-13,2610,8.07
2760548,2020-05-14,2610,8.04
2762268,2020-05-15,2610,8.03
2763988,2020-05-18,2610,8.0
2765709,2020-05-19,2610,8.34
2767430,2020-05-20,2610,8.33
2769152,2020-05-21,2610,8.45
2770873,2020-05-22,2610,8.24
2772594,2020-05-25,2610,8.26
2774315,2020-05-26,2610,8.26
2776036,2020-05-27,2610,8.4
2777757,2020-05-28,2610,8.34
2779478,2020-05-29,2610,8.2
2781199,2020-06-01,2610,8.33
2782920,2020-06-02,2610,8.31
2784641,2020-06-03,2610,8.36
2786362,2020-06-04,2610,8.42
2788083,2020-06-05,2610,8.77
2789804,2020-06-08,2610,8.83
2791526,2020-06-09,2610,8.83
2793249,2020-06-10,2610,8.8
2794972,2020-06-11,2610,8.63
2796695,2020-06-12,2610,8.46
2798418,2020-06-15,2610,8.46
2800141,2020-06-16,2610,8.48
2801864,2020-06-17,2610,8.4
2803587,2020-06-18,2610,8.28
2805310,2020-06-19,2610,8.25
2807033,2020-06-22,2610,8.17
2808756,2020-06-23,2610,8.23
2810479,2020-06-24,2610,8.39
2812202,2020-06-29,2610,8.2
2813925,2020-06-30,2610,8.2
2815648,2020-07-01,2610,8.22
2817372,2020-07-02,2610,8.19
2819096,2020-07-03,2610,8.22
2820820,2020-07-06,2610,8.22
2822544,2020-07-07,2610,8.37
2824268,2020-07-08,2610,8.28
2825992,2020-07-09,2610,8.2
2827716,2020-07-10,2610,8.15
2829439,2020-07-13,2610,8.1
2831162,2020-07-14,2610,8.0
2832885,2020-07-15,2610,8.01
2834608,2020-07-16,2610,8.11
2836331,2020-07-17,2610,8.12
2838054,2020-07-20,2610,8.12
2839777,2020-07-21,2610,8.07
2841500,2020-07-22,2610,8.1
2843223,2020-07-23,2610,8.01
2844946,2020-07-24,2610,7.98
2846669,2020-07-27,2610,7.8
2848392,2020-07-28,2610,7.56
2850115,2020-07-29,2610,7.73
2851838,2020-07-30,2610,7.78
2853561,2020-07-31,2610,7.99
2855284,2020-08-03,2610,7.81
2857007,2020-08-04,2610,7.71
2858730,2020-08-05,2610,7.63
2860453,2020-08-06,2610,7.78
2862176,2020-08-07,2610,8.02
2863899,2020-08-10,2610,8.39
2865622,2020-08-11,2610,8.24
2867345,2020-08-12,2610,8.18
2869067,2020-08-13,2610,8.01
2870788,2020-08-14,2610,8.08
2872509,2020-08-17,2610,8.11
2874230,2020-08-18,2610,8.1
2875950,2020-08-19,2610,8.02
2877670,2020-08-20,2610,8.05
2879390,2020-08-21,2610,8.2
2881110,2020-08-24,2610,8.29
2882830,2020-08-25,2610,8.37
2884551,2020-08-26,2610,8.3
2886272,2020-08-27,2610,8.36
2887993,2020-08-28,2610,8.63
2889714,2020-08-31,2610,8.54
2891435,2020-09-01,2610,8.71
2893156,2020-09-02,2610,8.76
2894877,2020-09-03,2610,9.06
2896598,2020-09-04,2610,8.98
2898319,2020-09-07,2610,9.12
2900040,2020-09-08,2610,9.24
2901761,2020-09-09,2610,9.48
2903482,2020-09-10,2610,9.23
2905203,2020-09-11,2610,9.2
2906924,2020-09-14,2610,8.91
2908645,2020-09-15,2610,9.0
2910366,2020-09-16,2610,8.92
2912087,2020-09-17,2610,8.82
2913809,2020-09-18,2610,8.66
2915531,2020-09-21,2610,8.46
2917253,2020-09-22,2610,8.3
2918975,2020-09-23,2610,8.16
2920698,2020-09-24,2610,8.07
2922421,2020-09-25,2610,8.1
2924144,2020-09-28,2610,8.53
2925867,2020-09-29,2610,8.31
2927590,2020-09-30,2610,8.28
2929313,2020-10-05,2610,8.47
2931036,2020-10-06,2610,8.53
2932759,2020-10-07,2610,8.5
2934482,2020-10-08,2610,8.5
2936206,2020-10-12,2610,8.44
2937930,2020-10-13,2610,8.55
2939654,2020-10-14,2610,8.52
2941378,2020-10-15,2610,8.6
2943102,2020-10-16,2610,8.55
2944826,2020-10-19,2610,8.58
2946550,2020-10-20,2610,8.65
2948275,2020-10-21,2610,8.61
2950000,2020-10-22,2610,8.66
2951724,2020-10-23,2610,8.8
2953448,2020-10-26,2610,8.9
2955172,2020-10-27,2610,8.79
2956896,2020-10-28,2610,8.81
2958620,2020-10-29,2610,8.83
2960344,2020-10-30,2610,8.75
2962069,2020-11-02,2610,8.63
2963794,2020-11-03,2610,8.65
2965519,2020-11-04,2610,8.68
2967244,2020-11-05,2610,8.58
2968969,2020-11-06,2610,8.32
2970694,2020-11-09,2610,8.41
2972419,2020-11-10,2610,9.25
2974144,2020-11-11,2610,9.1
2975869,2020-11-12,2610,9.01
2977594,2020-11-13,2610,8.88
2979317,2020-11-16,2610,8.91
2981040,2020-11-17,2610,9.05
2982763,2020-11-18,2610,9.22
2984486,2020-11-19,2610,9.14
2986209,2020-11-20,2610,9.1
2987933,2020-11-23,2610,9.09
2989658,2020-11-24,2610,9.24
2991383,2020-11-25,2610,9.88
2993108,2020-11-26,2610,10.0
2994833,2020-11-27,2610,10.05
2996558,2020-11-30,2610,9.78
2998283,2020-12-01,2610,9.84
3000009,2020-12-02,2610,10.25
3001735,2020-12-03,2610,10.8
3003461,2020-12-04,2610,10.85
3005187,2020-12-07,2610,10.55
3006913,2020-12-08,2610,10.8
3008639,2020-12-09,2610,10.75
3010365,2020-12-10,2610,10.6
3012092,2020-12-11,2610,10.5
3013820,2020-12-14,2610,11.0
3015549,2020-12-15,2610,11.7
3017278,2020-12-16,2610,11.9
3019008,2020-12-17,2610,11.75
3020738,2020-12-18,2610,12.15
3022469,2020-12-21,2610,12.95
3024200,2020-12-22,2610,11.9
3025931,2020-12-23,2610,11.7
3027662,2020-12-24,2610,11.9
3029394,2020-12-25,2610,11.95
3031128,2020-12-28,2610,12.2
3032862,2020-12-29,2610,12.3
3034596,2020-12-30,2610,12.15
3036330,2020-12-31,2610,12.05
3038064,2021-01-04,2610,11.7
3039799,2021-01-05,2610,11.35
3041534,2021-01-06,2610,11.15
3043270,2021-01-07,2610,10.8
3045006,2021-01-08,2610,11.05
3046742,2021-01-11,2610,10.9
3048478,2021-01-12,2610,10.55
3050214,2021-01-13,2610,10.6
3051950,2021-01-14,2610,10.6
3053686,2021-01-15,2610,10.25
3055421,2021-01-18,2610,10.5
3057156,2021-01-19,2610,10.45
3058892,2021-01-20,2610,10.1
3060629,2021-01-21,2610,10.1
3062366,2021-01-22,2610,10.2
3064103,2021-01-25,2610,10.15
3065841,2021-01-26,2610,10.25
3067579,2021-01-27,2610,10.9
3069318,2021-01-28,2610,11.45
3071058,2021-01-29,2610,11.0
3072798,2021-02-01,2610,11.3
3074539,2021-02-02,2610,11.25
3076280,2021-02-03,2610,11.2
3078021,2021-02-04,2610,11.25
3079762,2021-02-05,2610,11.65
3081503,2021-02-17,2610,11.8
3083244,2021-02-18,2610,11.8
3084985,2021-02-19,2610,11.55
3086726,2021-02-22,2610,11.85
3088467,2021-02-23,2610,12.3
3090208,2021-02-24,2610,12.05
3091949,2021-02-25,2610,13.25
3093690,2021-02-26,2610,14.0
3095431,2021-03-02,2610,13.8
3097172,2021-03-03,2610,14.3
3098913,2021-03-04,2610,13.9
3100654,2021-03-05,2610,13.65
3102395,2021-03-08,2610,13.5
3104136,2021-03-09,2610,14.25
3105877,2021-03-10,2610,13.8
3107618,2021-03-11,2610,14.0
3109359,2021-03-12,2610,14.15
3111100,2021-03-15,2610,14.15
3112841,2021-03-16,2610,14.5
3114582,2021-03-17,2610,14.75
3116323,2021-03-18,2610,14.6
3118064,2021-03-19,2610,14.95
3119805,2021-03-22,2610,15.75
3121547,2021-03-23,2610,15.1
3123289,2021-03-24,2610,15.05
3125031,2021-03-25,2610,14.75
3126773,2021-03-26,2610,15.05
3128515,2021-03-29,2610,15.45
3130257,2021-03-30,2610,15.2
3131995,2021-03-31,2610,15.25
3133734,2021-04-01,2610,15.25
3135472,2021-04-06,2610,15.15
3137210,2021-04-07,2610,15.3
3138948,2021-04-08,2610,16.25
3140686,2021-04-09,2610,16.2
3142425,2021-04-12,2610,17.1
3144164,2021-04-13,2610,17.4
3145903,2021-04-14,2610,17.45
3147642,2021-04-15,2610,17.65
3149381,2021-04-16,2610,18.3
3151120,2021-04-19,2610,19.55
3152859,2021-04-20,2610,19.4
3154598,2021-04-21,2610,20.55
3156337,2021-04-22,2610,20.6
3158077,2021-04-23,2610,20.4
3159817,2021-04-26,2610,20.1
3161557,2021-04-27,2610,20.7
3163298,2021-04-28,2610,22.2
3165039,2021-04-29,2610,21.2
3166780,2021-05-03,2610,19.9
3168521,2021-05-04,2610,18.0
3170262,2021-05-05,2610,18.45
3172003,2021-05-06,2610,18.25
3173744,2021-05-07,2610,17.25
3175485,2021-05-10,2610,17.8
3177226,2021-05-11,2610,16.4
3178967,2021-05-12,2610,14.8
3180708,2021-05-13,2610,15.3
3182448,2021-05-14,2610,15.1
3184187,2021-05-17,2610,13.7
3185926,2021-05-18,2610,15.05
3187665,2021-05-19,2610,15.85
3189404,2021-05-20,2610,15.1
3191143,2021-05-21,2610,15.4
3192882,2021-05-24,2610,15.35
3194621,2021-05-25,2610,15.35
3196361,2021-05-26,2610,15.6
3198101,2021-05-27,2610,17.15
3199841,2021-05-28,2610,18.1
3201582,2021-05-31,2610,17.55
3203323,2021-06-01,2610,18.8
3205064,2021-06-02,2610,18.65
3206805,2021-06-03,2610,20.5
3208546,2021-06-04,2610,20.5
3210287,2021-06-07,2610,18.85
3212028,2021-06-08,2610,19.65
3213769,2021-06-09,2610,18.8
3215510,2021-06-10,2610,18.85
3217251,2021-06-11,2610,18.6
3218992,2021-06-15,2610,18.75
3220733,2021-06-16,2610,18.7
3222474,2021-06-17,2610,19.15
3224215,2021-06-18,2610,19.35
3225956,2021-06-21,2610,21.15
3227697,2021-06-22,2610,19.9
3229438,2021-06-23,2610,19.5
3231179,2021-06-24,2610,19.75
3232920,2021-06-25,2610,20.05
3234661,2021-06-28,2610,19.5
3236402,2021-06-29,2610,19.0
3238143,2021-06-30,2610,19.05
3239884,2021-07-01,2610,19.15
3241625,2021-07-02,2610,19.0
3243366,2021-07-05,2610,19.2
3245107,2021-07-06,2610,19.3
3246848,2021-07-07,2610,19.1
3248589,2021-07-08,2610,19.15
3250330,2021-07-09,2610,18.8
3252071,2021-07-12,2610,18.6
3253812,2021-07-13,2610,17.8
3255553,2021-07-14,2610,17.55
3257294,2021-07-15,2610,18.6
3259035,2021-07-16,2610,18.2
3260776,2021-07-19,2610,18.2
3262517,2021-07-20,2610,17.75
3264258,2021-07-21,2610,17.15
3265999,2021-07-22,2610,17.2
3267740,2021-07-23,2610,17.95
3269481,2021-07-26,2610,17.65
3271222,2021-07-27,2610,17.7
3272963,2021-07-28,2610,17.45
3274704,2021-07-29,2610,17.8
3276446,2021-07-30,2610,17.25
3278188,2021-08-02,2610,17.4
3279930,2021-08-03,2610,17.15
3281672,2021-08-04,2610,17.15
3283414,2021-08-05,2610,17.1
3285156,2021-08-06,2610,17.1
3286898,2021-08-09,2610,18.8
3288640,2021-08-10,2610,17.8
3290382,2021-08-11,2610,17.45
3292125,2021-08-12,2610,17.55
3293868,2021-08-13,2610,17.45
3295611,2021-08-16,2610,17.1
3297354,2021-08-17,2610,17.0
3299097,2021-08-18,2610,17.0
3300840,2021-08-19,2610,16.7
3302583,2021-08-20,2610,16.55
3304326,2021-08-23,2610,17.3
3306069,2021-08-24,2610,17.0
3307812,2021-08-25,2610,17.3
3309555,2021-08-26,2610,17.05
3311298,2021-08-27,2610,17.25
3313041,2021-08-30,2610,17.15
3314784,2021-08-31,2610,17.25
3316527,2021-09-01,2610,17.05
3318270,2021-09-02,2610,16.75
3320013,2021-09-03,2610,16.5
3321756,2021-09-06,2610,15.95
3323499,2021-09-07,2610,16.0
3325242,2021-09-08,2610,15.8
3326985,2021-09-09,2610,15.55
3328729,2021-09-10,2610,16.1
3330473,2021-09-13,2610,16.05
3332217,2021-09-14,2610,15.95
3333961,2021-09-15,2610,15.75
3335705,2021-09-16,2610,15.75
3337449,2021-09-17,2610,15.95
3339193,2021-09-22,2610,15.75
3340937,2021-09-23,2610,16.1
3342681,2021-09-24,2610,16.2
3344425,2021-09-27,2610,16.75
3346169,2021-09-28,2610,16.95
3347913,2021-09-29,2610,16.75
3349659,2021-09-30,2610,17.2
3351405,2021-10-01,2610,16.7
3353151,2021-10-04,2610,16.65
3354897,2021-10-05,2610,17.05
3356643,2021-10-06,2610,16.65
3358390,2021-10-07,2610,16.75
3360137,2021-10-08,2610,16.7
3361884,2021-10-12,2610,16.75
3363631,2021-10-13,2610,16.8
3365378,2021-10-14,2610,16.7
3367125,2021-10-15,2610,16.75
3368872,2021-10-18,2610,16.75
3370619,2021-10-19,2610,16.9
3372366,2021-10-20,2610,16.9
3374113,2021-10-21,2610,16.6
3375860,2021-10-22,2610,16.25
3377606,2021-10-25,2610,16.35
3379354,2021-10-26,2610,16.25
3381102,2021-10-27,2610,16.2
3382850,2021-10-28,2610,16.95
3384598,2021-10-29,2610,17.2
3386346,2021-11-01,2610,18.1
3388094,2021-11-02,2610,18.95
3389842,2021-11-03,2610,19.1
3391590,2021-11-04,2610,19.2
3393338,2021-11-05,2610,19.55
3395086,2021-11-08,2610,21.0
3396835,2021-11-09,2610,22.05
3398583,2021-11-10,2610,23.2
3400331,2021-11-11,2610,25.35
3402078,2021-11-12,2610,25.55
3403823,2021-11-15,2610,26.4
3405569,2021-11-16,2610,27.1
3407315,2021-11-17,2610,29.0
3409061,2021-11-18,2610,28.35
3410807,2021-11-19,2610,27.65
3412553,2021-11-22,2610,27.45
3414299,2021-11-23,2610,27.75
3416045,2021-11-24,2610,30.05
3417791,2021-11-25,2610,29.65
3419537,2021-11-26,2610,26.7
3421283,2021-11-29,2610,24.75
3423029,2021-11-30,2610,26.0
3424776,2021-12-01,2610,27.0
3426523,2021-12-02,2610,26.1
3428270,2021-12-03,2610,25.8
3430017,2021-12-06,2610,26.55
3431765,2021-12-07,2610,28.4
3433513,2021-12-08,2610,28.5
3435262,2021-12-09,2610,29.35
3437011,2021-12-10,2610,28.7
3438760,2021-12-13,2610,27.0
3440509,2021-12-14,2610,25.9
3442258,2021-12-15,2610,27.2
3444007,2021-12-16,2610,26.7
3445756,2021-12-17,2610,26.2
3447505,2021-12-20,2610,26.75
3449254,2021-12-21,2610,26.3
3451003,2021-12-22,2610,26.1
3452753,2021-12-23,2610,26.15
3454503,2021-12-24,2610,26.2
3456253,2021-12-27,2610,27.0
3458002,2021-12-28,2610,26.9
3459751,2021-12-29,2610,26.75
3461500,2021-12-30,2610,27.55
3463249,2022-01-03,2610,26.3
3464999,2022-01-04,2610,26.65
3466749,2022-01-05,2610,27.3
3468499,2022-01-06,2610,27.4
3470249,2022-01-07,2610,27.0
3472000,2022-01-10,2610,26.35
3473751,2022-01-11,2610,26.3
3475502,2022-01-12,2610,25.25
3477253,2022-01-13,2610,25.1
3479005,2022-01-14,2610,25.55
3480758,2022-01-17,2610,25.95
3482511,2022-01-18,2610,25.45
3484264,2022-01-19,2610,24.5
3486018,2022-01-20,2610,25.0
3487772,2022-01-21,2610,23.95
3489526,2022-01-24,2610,23.5
3491280,2022-01-25,2610,22.8
3493034,2022-01-26,2610,23.4
3494787,2022-02-07,2610,25.6
3496540,2022-02-08,2610,26.2
3498293,2022-02-09,2610,27.0
3500046,2022-02-10,2610,26.95
3501799,2022-02-11,2610,27.75
3503552,2022-02-14,2610,26.7
3505304,2022-02-15,2610,27.45
3507056,2022-02-16,2610,28.95
3508808,2022-02-17,2610,31.0
3510560,2022-02-18,2610,31.7
3512312,2022-02-21,2610,29.0
3514064,2022-02-22,2610,28.45
3515816,2022-02-23,2610,30.3
3517568,2022-02-24,2610,27.95
3519320,2022-02-25,2610,27.9
3521072,2022-03-01,2610,28.05
3522825,2022-03-02,2610,27.7
3524578,2022-03-03,2610,28.4
3526330,2022-03-04,2610,28.35
3528082,2022-03-07,2610,26.5
3529834,2022-03-08,2610,24.5
3531586,2022-03-09,2610,25.65
3533338,2022-03-10,2610,26.7
3535090,2022-03-11,2610,26.95
3536844,2022-03-14,2610,26.5
3538599,2022-03-15,2610,26.3
3540355,2022-03-16,2610,27.55
3542111,2022-03-17,2610,29.2
3543868,2022-03-18,2610,28.6
3545625,2022-03-21,2610,28.05
3547382,2022-03-22,2610,27.0
3549139,2022-03-23,2610,27.5
3550897,2022-03-24,2610,26.85
3552655,2022-03-25,2610,26.35
3554413,2022-03-28,2610,27.15
3556171,2022-03-29,2610,27.3
3557928,2022-03-30,2610,27.1
3559684,2022-03-31,2610,26.65
3561441,2022-04-01,2610,27.2
3563198,2022-04-06,2610,27.7
3564955,2022-04-07,2610,26.55
3566712,2022-04-08,2610,27.1
3568469,2022-04-11,2610,26.75
3570226,2022-04-12,2610,27.35
3571983,2022-04-13,2610,28.2
3573741,2022-04-14,2610,28.85
3575499,2022-04-15,2610,28.5
3577257,2022-04-18,2610,27.15
3579015,2022-04-19,2610,28.9
3580773,2022-04-20,2610,28.9
3582531,2022-04-21,2610,29.75
3584289,2022-04-22,2610,29.85
3586047,2022-04-25,2610,29.3
3587806,2022-04-26,2610,28.2
3589565,2022-04-27,2610,27.75
3591324,2022-04-28,2610,27.4
3593083,2022-04-29,2610,27.85
3594843,2022-05-03,2610,28.05
3596602,2022-05-04,2610,28.75
3598361,2022-05-05,2610,28.65
3600120,2022-05-06,2610,28.35
3601879,2022-05-09,2610,27.9
3603639,2022-05-10,2610,27.85
3605399,2022-05-11,2610,27.1
3607159,2022-05-12,2610,24.55
3608919,2022-05-13,2610,25.3
3610679,2022-05-16,2610,25.3
3612439,2022-05-17,2610,24.95
3614199,2022-05-18,2610,25.35
3615959,2022-05-19,2610,24.85
3617719,2022-05-20,2610,25.1
3619481,2022-05-23,2610,25.85
3621243,2022-05-24,2610,25.55
3623006,2022-05-25,2610,26.4
3624769,2022-05-26,2610,25.9
3626532,2022-05-27,2610,26.1
3628295,2022-05-30,2610,26.8
3630058,2022-05-31,2610,27.1
3631821,2022-06-01,2610,26.95
3633585,2022-06-02,2610,27.4
3635349,2022-06-06,2610,27.05
3637114,2022-06-07,2610,26.8
3638879,2022-06-08,2610,26.8
3640644,2022-06-09,2610,26.65
3642409,2022-06-10,2610,25.95
3644174,2022-06-13,2610,25.5
3645939,2022-06-14,2610,25.3
3647705,2022-06-15,2610,25.05
3649471,2022-06-16,2610,24.5
3651237,2022-06-17,2610,23.35
3653003,2022-06-20,2610,22.25
3654769,2022-06-21,2610,24.0
3656535,2022-06-22,2610,23.5
3658301,2022-06-23,2610,22.15
3660067,2022-06-24,2610,22.35
3661833,2022-06-27,2610,23.3
3663598,2022-06-28,2610,23.2
3665363,2022-06-29,2610,23.6
3667128,2022-06-30,2610,23.5
3668895,2022-07-01,2610,22.0
3670662,2022-07-04,2610,22.45
3672429,2022-07-05,2610,23.35
3674196,2022-07-06,2610,22.35
3675963,2022-07-07,2610,22.8
3677730,2022-07-08,2610,23.25
3679497,2022-07-11,2610,23.25
3681264,2022-07-12,2610,22.25
3683031,2022-07-13,2610,23.15
3684798,2022-07-14,2610,23.15
3686565,2022-07-15,2610,22.65
3688332,2022-07-18,2610,23.2
3690099,2022-07-19,2610,23.6
3691866,2022-07-20,2610,23.25
3693633,2022-07-21,2610,23.3
3695400,2022-07-22,2610,23.2
3697167,2022-07-25,2610,22.8
3698934,2022-07-26,2610,22.65
3700701,2022-07-27,2610,23.1
3702468,2022-07-28,2610,22.7
3704235,2022-07-29,2610,22.6
3706002,2022-08-01,2610,22.4
3707769,2022-08-02,2610,21.55
3709536,2022-08-03,2610,21.05
3711303,2022-08-04,2610,21.05
3713069,2022-08-05,2610,21.75
3714835,2022-08-08,2610,21.7
3716601,2022-08-09,2610,21.85
3718368,2022-08-10,2610,21.8
3720135,2022-08-11,2610,21.95
3721902,2022-08-12,2610,22.05
3723667,2022-08-15,2610,21.9
3725432,2022-08-16,2610,21.9
3727197,2022-08-17,2610,21.8
3728962,2022-08-18,2610,21.7
3730727,2022-08-19,2610,21.4
3732492,2022-08-22,2610,21.35
3734257,2022-08-23,2610,21.0
3736022,2022-08-24,2610,20.6
3737787,2022-08-25,2610,20.85
3739553,2022-08-26,2610,22.9
3741319,2022-08-29,2610,22.2
3743085,2022-08-30,2610,22.25
3744851,2022-08-31,2610,22.8
3746618,2022-09-01,2610,22.7
3748386,2022-09-02,2610,22.0
3750154,2022-09-05,2610,21.4
3751922,2022-09-06,2610,21.55
3753690,2022-09-07,2610,21.2
3755458,2022-09-08,2610,21.9
3757227,2022-09-12,2610,22.4
3758996,2022-09-13,2610,22.35
3760766,2022-09-14,2610,22.05
3762536,2022-09-15,2610,22.15
3764306,2022-09-16,2610,22.6
3766076,2022-09-19,2610,22.45
3767846,2022-09-20,2610,22.7
3769616,2022-09-21,2610,22.7
3771386,2022-09-22,2610,22.2
3773156,2022-09-23,2610,21.4
3774926,2022-09-26,2610,20.4
3776696,2022-09-27,2610,20.05
3778466,2022-09-28,2610,18.6
3780236,2022-09-29,2610,19.5
3782006,2022-09-30,2610,19.65
3783776,2022-10-03,2610,19.65
3785546,2022-10-04,2610,19.75
3787316,2022-10-05,2610,19.85
3789087,2022-10-06,2610,20.1
3790859,2022-10-07,2610,20.35
3792631,2022-10-11,2610,19.5
3794402,2022-10-12,2610,19.35
3796173,2022-10-13,2610,17.45
3797944,2022-10-14,2610,16.9
3799715,2022-10-17,2610,17.15
3801486,2022-10-18,2610,17.25
3803257,2022-10-19,2610,17.05
3805028,2022-10-20,2610,16.8
3806799,2022-10-21,2610,16.55
3808570,2022-10-24,2610,17.0
3810341,2022-10-25,2610,16.75
3812112,2022-10-26,2610,16.7
3813883,2022-10-27,2610,17.2
3815654,2022-10-28,2610,16.95
3817425,2022-10-31,2610,16.95
3819196,2022-11-01,2610,17.0
3820967,2022-11-02,2610,16.9
3822738,2022-11-03,2610,16.75
3824510,2022-11-04,2610,17.7
3826283,2022-11-07,2610,17.3
3828056,2022-11-08,2610,17.6
3829829,2022-11-09,2610,17.7
3831602,2022-11-10,2610,17.25
3833375,2022-11-11,2610,17.3
3835148,2022-11-14,2610,17.7
3836920,2022-11-15,2610,17.7
3838692,2022-11-16,2610,17.35
3840464,2022-11-17,2610,17.3
3842236,2022-11-18,2610,17.2
3844008,2022-11-21,2610,16.95
3845781,2022-11-22,2610,16.95
3847554,2022-11-23,2610,17.2
3849327,2022-11-24,2610,17.35
3851100,2022-11-25,2610,17.35
3852873,2022-11-28,2610,17.25
3854648,2022-11-29,2610,18.15
3856423,2022-11-30,2610,18.1
3858198,2022-12-01,2610,18.0
3859973,2022-12-02,2610,17.9
3861748,2022-12-05,2610,18.9
3863523,2022-12-06,2610,18.95
3865298,2022-12-07,2610,19.3
3867073,2022-12-08,2610,19.3
3868848,2022-12-09,2610,19.65
3870622,2022-12-12,2610,19.3
3872396,2022-12-13,2610,19.1
3874170,2022-12-14,2610,19.25
3875945,2022-12-15,2610,19.6
3877722,2022-12-16,2610,19.3
3879499,2022-12-19,2610,18.9
3881276,2022-12-20,2610,18.15
3883054,2022-12-21,2610,18.75
3884831,2022-12-22,2610,19.3
3886608,2022-12-23,2610,19.0
3888385,2022-12-26,2610,19.1
3890162,2022-12-27,2610,19.35
3891939,2022-12-28,2610,19.1
3893716,2022-12-29,2610,19.0
3895494,2022-12-30,2610,19.0
3897272,2023-01-03,2610,18.9
3899050,2023-01-04,2610,18.8
3900828,2023-01-05,2610,18.65
3902606,2023-01-06,2610,18.95
3904384,2023-01-09,2610,19.0
3906162,2023-01-10,2610,19.1
3907940,2023-01-11,2610,19.15
3909719,2023-01-12,2610,19.05
3911498,2023-01-13,2610,19.15
3913277,2023-01-16,2610,19.05
3915056,2023-01-17,2610,18.95
3916835,2023-01-30,2610,19.35
3918614,2023-01-31,2610,19.4
3920393,2023-02-01,2610,19.75
3922172,2023-02-02,2610,19.85
3923951,2023-02-03,2610,19.6
3925730,2023-02-06,2610,19.6
3927509,2023-02-07,2610,19.3
3929288,2023-02-08,2610,19.25
3931067,2023-02-09,2610,19.2
3932846,2023-02-10,2610,18.85
3934625,2023-02-13,2610,18.9
3936404,2023-02-14,2610,19.55
3938183,2023-02-15,2610,19.5
3939962,2023-02-16,2610,21.0
3941741,2023-02-17,2610,21.0
3943520,2023-02-20,2610,21.3
3945299,2023-02-21,2610,20.8
3947078,2023-02-22,2610,20.5
3948857,2023-02-23,2610,20.5
3950636,2023-02-24,2610,20.3
3952415,2023-03-01,2610,20.1
3954195,2023-03-02,2610,20.3
3955975,2023-03-03,2610,20.3
3957755,2023-03-06,2610,20.3
3959535,2023-03-07,2610,20.3
3961315,2023-03-08,2610,20.25
3963095,2023-03-09,2610,20.9
3964875,2023-03-10,2610,20.05
3966656,2023-03-13,2610,19.95
3968437,2023-03-14,2610,19.2
3970219,2023-03-15,2610,19.4
3972001,2023-03-16,2610,19.0
3973783,2023-03-17,2610,19.0
3975565,2023-03-20,2610,19.25
3977347,2023-03-21,2610,19.1
3979130,2023-03-22,2610,19.25
3980913,2023-03-23,2610,19.3
3982696,2023-03-24,2610,19.3
3984481,2023-03-27,2610,19.15
3986267,2023-03-28,2610,19.25
3988053,2023-03-29,2610,19.7
3989838,2023-03-30,2610,19.5
3991623,2023-03-31,2610,19.5
3993408,2023-04-06,2610,19.25
3995193,2023-04-07,2610,19.35
3996978,2023-04-10,2610,19.3
3998763,2023-04-11,2610,19.4
4000548,2023-04-12,2610,19.35
4002333,2023-04-13,2610,19.8
4004118,2023-04-14,2610,19.8
4005903,2023-04-17,2610,19.5
4007688,2023-04-18,2610,19.3
4009473,2023-04-19,2610,19.3
4011258,2023-04-20,2610,19.25
4013043,2023-04-21,2610,19.1
4014828,2023-04-24,2610,19.15
4016613,2023-04-25,2610,18.8
4018398,2023-04-26,2610,18.5
4020183,2023-04-27,2610,18.8
4021968,2023-04-28,2610,19.0
4023753,2023-05-02,2610,19.0
4025538,2023-05-03,2610,18.95
4027323,2023-05-04,2610,18.95
4029108,2023-05-05,2610,18.9
4030893,2023-05-08,2610,19.0
4032678,2023-05-09,2610,19.2
4034463,2023-05-10,2610,19.5
4036248,2023-05-11,2610,18.85
4038033,2023-05-12,2610,19.0
4039818,2023-05-15,2610,18.9
4041603,2023-05-16,2610,19.1
4043388,2023-05-17,2610,19.2
4045173,2023-05-18,2610,19.4
4046959,2023-05-19,2610,20.0
4048745,2023-05-22,2610,20.55
4050532,2023-05-23,2610,20.35
4052319,2023-05-24,2610,20.7
4054106,2023-05-25,2610,20.8
4055893,2023-05-26,2610,20.85
4057680,2023-05-29,2610,21.65
4059467,2023-05-30,2610,21.8
4061254,2023-05-31,2610,22.2
4063041,2023-06-01,2610,23.15
4064828,2023-06-02,2610,23.05
4066615,2023-06-05,2610,22.6
4068402,2023-06-06,2610,22.75
4070189,2023-06-07,2610,22.6
4071976,2023-06-08,2610,22.65
4073762,2023-06-09,2610,22.7
4075548,2023-06-12,2610,22.35
4077335,2023-06-13,2610,22.75
4079122,2023-06-14,2610,24.8
4080909,2023-06-15,2610,27.25
4082696,2023-06-16,2610,27.6
4084484,2023-06-19,2610,27.9
4086272,2023-06-20,2610,27.55
4088061,2023-06-21,2610,27.9
4089850,2023-06-26,2610,27.8
4091639,2023-06-27,2610,26.05
4093428,2023-06-28,2610,27.0
4095217,2023-06-29,2610,26.5
4097006,2023-06-30,2610,26.2
4098795,2023-07-03,2610,26.25
4100584,2023-07-04,2610,26.45
4102373,2023-07-05,2610,26.35
4104162,2023-07-06,2610,26.15
4105951,2023-07-07,2610,26.25
4107740,2023-07-10,2610,26.0
4109529,2023-07-11,2610,27.05
4111318,2023-07-12,2610,27.3
4113107,2023-07-13,2610,26.7
4114896,2023-07-14,2610,25.05
4116685,2023-07-17,2610,25.1
4118474,2023-07-18,2610,25.05
4120263,2023-07-19,2610,24.5
4122052,2023-07-20,2610,25.85
4123841,2023-07-21,2610,25.45
4125630,2023-07-24,2610,25.3
4127419,2023-07-25,2610,25.1
4129208,2023-07-26,2610,25.15
4130997,2023-07-27,2610,25.95
4132786,2023-07-28,2610,25.45
4134575,2023-07-31,2610,24.95
4136365,2023-08-01,2610,25.4
4138155,2023-08-02,2610,25.0
4139945,2023-08-04,2610,24.95
4141735,2023-08-07,2610,24.45
4143525,2023-08-08,2610,24.9
4145315,2023-08-09,2610,25.5
4147105,2023-08-10,2610,25.15
4148894,2023-08-11,2610,25.3
4150683,2023-08-14,2610,24.2
4152473,2023-08-15,2610,24.75
4154263,2023-08-16,2610,24.1
4156053,2023-08-17,2610,24.1
4157843,2023-08-18,2610,23.65
4159633,2023-08-21,2610,23.4
4161423,2023-08-22,2610,23.7
4163214,2023-08-23,2610,23.55
4165005,2023-08-24,2610,23.85
4166796,2023-08-25,2610,23.75
4168587,2023-08-28,2610,23.15
4170378,2023-08-29,2610,23.3
4172169,2023-08-30,2610,23.05
4173960,2023-08-31,2610,22.6
4175751,2023-09-01,2610,22.95
4177542,2023-09-04,2610,23.1
4179333,2023-09-05,2610,23.05
4181124,2023-09-06,2610,23.1
4182915,2023-09-07,2610,22.75
4184706,2023-09-08,2610,22.7
4186497,2023-09-11,2610,22.25
4188287,2023-09-12,2610,22.65
4190077,2023-09-13,2610,22.8
4191867,2023-09-14,2610,22.85
4193658,2023-09-15,2610,22.45
4195449,2023-09-18,2610,22.35
4197240,2023-09-19,2610,22.2
4199032,2023-09-20,2610,22.15
4200824,2023-09-21,2610,21.65
4202616,2023-09-22,2610,21.85
4204408,2023-09-25,2610,21.9
4206200,2023-09-26,2610,21.6
4207992,2023-09-27,2610,21.7
4209784,2023-09-28,2610,21.2
4211576,2023-10-02,2610,21.25
4213368,2023-10-03,2610,20.9
4215160,2023-10-04,2610,20.55
4216952,2023-10-05,2610,21.7
4218744,2023-10-06,2610,21.4
4220536,2023-10-11,2610,20.8
4222328,2023-10-12,2610,21.25
4224120,2023-10-13,2610,20.9
4225912,2023-10-16,2610,20.0
4227704,2023-10-17,2610,19.7
4229496,2023-10-18,2610,19.45
4231288,2023-10-19,2610,19.25
4233081,2023-10-20,2610,19.0
4234874,2023-10-23,2610,19.1
4236667,2023-10-24,2610,19.4
4238460,2023-10-25,2610,19.35
4240253,2023-10-26,2610,19.15
4242046,2023-10-27,2610,19.65
4243840,2023-10-30,2610,19.3
4245634,2023-10-31,2610,19.35
4247427,2023-11-01,2610,20.0
4249220,2023-11-02,2610,20.45
4251014,2023-11-03,2610,21.15
4252808,2023-11-06,2610,21.45
4254602,2023-11-07,2610,21.0
4256396,2023-11-08,2610,21.15
4258191,2023-11-09,2610,20.95
4259988,2023-11-10,2610,20.8
4261785,2023-11-13,2610,20.7
4263580,2023-11-14,2610,20.7
4265375,2023-11-15,2610,21.1
4267170,2023-11-16,2610,21.9
4268965,2023-11-17,2610,21.8
4270760,2023-11-20,2610,21.25
4272555,2023-11-21,2610,21.65
4274351,2023-11-22,2610,21.45
4276147,2023-11-23,2610,21.85
4277943,2023-11-24,2610,21.3
4279739,2023-11-27,2610,21.0
4281535,2023-11-28,2610,21.4
4283331,2023-11-29,2610,21.05
4285129,2023-11-30,2610,21.1
4286927,2023-12-01,2610,21.15
4288725,2023-12-04,2610,21.6
4290523,2023-12-05,2610,21.35
4292324,2023-12-06,2610,21.35
4294125,2023-12-07,2610,21.55
4295926,2023-12-08,2610,21.65
4297727,2023-12-11,2610,21.7
4299528,2023-12-12,2610,21.55
4301331,2023-12-13,2610,21.35
4303134,2023-12-14,2610,21.4
4304937,2023-12-15,2610,21.55
4306741,2023-12-18,2610,21.1
4308545,2023-12-19,2610,20.7
4310349,2023-12-20,2610,21.05
4312153,2023-12-21,2610,21.25
4313957,2023-12-22,2610,21.9
4315761,2023-12-25,2610,22.2
4317565,2023-12-26,2610,21.9
4319370,2023-12-27,2610,21.7
4321175,2023-12-28,2610,21.65
4322980,2023-12-29,2610,21.65
4324785,2024-01-02,2610,22.35
4326590,2024-01-03,2610,22.1
4328395,2024-01-04,2610,22.1
4330200,2024-01-05,2610,21.7
4332005,2024-01-08,2610,21.7
4333810,2024-01-09,2610,21.25
4335615,2024-01-10,2610,20.85
4337420,2024-01-11,2610,20.85
4339225,2024-01-12,2610,21.1
4341030,2024-01-15,2610,20.7
4342836,2024-01-16,2610,20.3
4344642,2024-01-17,2610,20.0
4346448,2024-01-18,2610,20.3
4348254,2024-01-19,2610,20.2
4350060,2024-01-22,2610,20.45
4351866,2024-01-23,2610,20.5
4353672,2024-01-24,2610,20.55
4355480,2024-01-25,2610,20.5
4357288,2024-01-26,2610,20.7
4359096,2024-01-29,2610,20.7
4360905,2024-01-30,2610,20.4
4362714,2024-01-31,2610,20.4
4364523,2024-02-01,2610,20.55
4366332,2024-02-02,2610,20.45
4368142,2024-02-05,2610,20.5
4369952,2024-02-15,2610,20.0
4371761,2024-02-16,2610,20.25
4373570,2024-02-19,2610,20.25
4375379,2024-02-20,2610,20.1
4377188,2024-02-21,2610,20.2
4378997,2024-02-22,2610,20.0
4380806,2024-02-23,2610,19.85
4382615,2024-02-26,2610,19.9
4384424,2024-02-27,2610,19.75
4386233,2024-02-29,2610,20.0
4388042,2024-03-01,2610,19.8
4389851,2024-03-04,2610,19.7
4391660,2024-03-05,2610,19.7
4393469,2024-03-06,2610,19.55
4395278,2024-03-07,2610,19.45
4397087,2024-03-08,2610,19.8
4398897,2024-03-11,2610,19.5
4400706,2024-03-12,2610,19.85
4402515,2024-03-13,2610,19.65
4404324,2024-03-14,2610,19.65
468,2024-03-15,2610,19.35
2277,2024-03-18,2610,19.15
4088,2024-03-19,2610,19.15
5899,2024-03-20,2610,19.1
7711,2024-03-21,2610,19.25
9523,2024-03-22,2610,19.35
11335,2024-03-25,2610,19.4
13147,2024-03-26,2610,19.1
14961,2024-03-27,2610,19.55
16775,2024-03-28,2610,19.5
18590,2024-03-29,2610,19.5
20405,2024-04-01,2610,19.5
22220,2024-04-02,2610,19.35
24035,2024-04-03,2610,19.15
25850,2024-04-08,2610,19.2
27666,2024-04-09,2610,19.45
29482,2024-04-10,2610,19.55
31299,2024-04-11,2610,19.95
33116,2024-04-12,2610,20.05
34933,2024-04-15,2610,19.8
36750,2024-04-16,2610,19.25
38567,2024-04-17,2610,19.25
40384,2024-04-18,2610,19.6
42201,2024-04-19,2610,19.45
44018,2024-04-22,2610,19.8
45835,2024-04-23,2610,20.05
47652,2024-04-24,2610,20.55
49469,2024-04-25,2610,20.4
51286,2024-04-26,2610,21.5
53103,2024-04-29,2610,21.35
54920,2024-04-30,2610,20.95
56737,2024-05-02,2610,21.5
58554,2024-05-03,2610,21.5
60372,2024-05-06,2610,21.45
62190,2024-05-07,2610,21.35
64008,2024-05-08,2610,21.65
65826,2024-05-09,2610,21.15
67645,2024-05-10,2610,22.65
69464,2024-05-13,2610,23.0
71284,2024-05-14,2610,22.65
73104,2024-05-15,2610,22.75
74924,2024-05-16,2610,23.85
76745,2024-05-17,2610,23.8
78566,2024-05-20,2610,23.05
80387,2024-05-21,2610,22.8
82209,2024-05-22,2610,22.3
84031,2024-05-23,2610,22.05
85853,2024-05-24,2610,22.4
87675,2024-05-27,2610,22.15
89497,2024-05-28,2610,23.3
91319,2024-05-29,2610,22.8
93141,2024-05-30,2610,22.5
94963,2024-05-31,2610,22.4
96785,2024-06-03,2610,22.15
98607,2024-06-04,2610,22.15
100429,2024-06-05,2610,22.25
102251,2024-06-06,2610,23.0
104073,2024-06-07,2610,23.1
105895,2024-06-11,2610,23.15
107717,2024-06-12,2610,23.0
109541,2024-06-13,2610,22.85
111366,2024-06-14,2610,23.0
113191,2024-06-17,2610,22.95
115016,2024-06-18,2610,23.35
116843,2024-06-19,2610,23.65
